ID,RA,DEC,TYPE,FLUX_m400,FLUX_m425,FLUX_m450,FLUX_m475,FLUX_m500,FLUX_m525,FLUX_m550,FLUX_m575,FLUX_m600,FLUX_m625,FLUX_m650,FLUX_m675,FLUX_m700,FLUX_m725,FLUX_m800,FLUX_m825,FLUX_m850,FLUX_m875,ELL,Re,THETA
00000,311.04274283,-1.4864720381,STAR,,,,,,,,,,,,,,,,,,,0.0,2.8195,16.753225795374487
00001,311.27102115,-1.951073254,STAR,,,,,,,,,,,,,,,,,,,0.0,2.9395,-22.38156725855673
00002,310.93751224,-1.9398997526,STAR,,,,,,,,,,,,,,,,,,,0.0,3.0095,24.774163585408793
00003,311.36174172,-1.9463644257,STAR,,,,,,,,,,,,,,,,,,,0.0,2.976,-9.557028696898499
00004,310.74229724,-1.9454042453,STAR,,,,,,,,,,,,,,,,,,,0.0,3.141,-2.10789744052491
00005,311.35285102,-1.334356085,STAR,,,,,,,,,,,,,,,,,,,0.0,2.9444999999999997,-27.737065185217208
00006,311.29712993,-1.9251155329,STAR,,,,,,,,,,,,,,,,,,,0.0,2.9425,-4.86466463758502
00007,311.49837479,-1.9141759823,STAR,,,,,,,,,,,,,,,,,,,0.0,3.069,-3.8780048931462217
00008,310.87736556,-1.8143315214,STAR,,,,,,,,,,,,,,,,,,,0.0,2.8785,-10.821908232242452
00009,311.06023477,-1.8051890545,STAR,,,,,,,,,,,,,,,,,,,0.0,2.824,-3.1248186920571692
00010,311.65782421,-1.871344369,STAR,,,,,,,,,,,,,,,,,,,0.0,3.122,-26.188220646951777
00011,310.63845732,-1.9137060413,STAR,,,,,,,,,,,,,,,,,,,0.0,3.1605,1.2230985570348567
00012,311.57753719,-1.868115565,STAR,,,,,,,,,,,,,,,,,,,0.0,3.1195,-6.736214607584595
00013,310.85900589,-1.8098905982,STAR,,,,,,,,,,,,,,,,,,,0.0,2.8970000000000002,-12.815719201338418
00014,310.87591344,-1.8556164203,STAR,,,,,,,,,,,,,,,,,,,0.0,2.9515000000000002,-20.20460052617452
00015,310.88698076,-1.8449983906,STAR,,,,,,,,,,,,,,,,,,,0.0,2.8795,-11.104042576312118
00016,311.53182921,-1.5277833347,STAR,,,,,,,,,,,,,,,,,,,0.0,2.99,-37.94806651041174
00017,311.36505251,-1.5088788714,STAR,,,,,,,,,,,,,,,,,,,0.0,2.9055,-24.948056114028123
00018,311.45231247,-1.526758006,STAR,,,,,,,,,,,,,,,,,,,0.0,2.93,-40.11772429672777
00019,311.14550106,-1.5048139584,STAR,,,,,,,,,,,,,,,,,,,0.0,2.832,-29.17737423736096
00020,310.91635158,-1.5012441967,STAR,,,,,,,,,,,,,,,,,,,0.0,2.873,-15.349373492406441
00021,311.61398036,-1.8882253804,STAR,,,,,,,,,,,,,,,,,,,0.0,3.1405000000000003,-38.310144012560464
00022,310.83944512,-1.5152837919,STAR,,,,,,,,,,,,,,,,,,,0.0,2.8905000000000003,-10.259461073570831
00023,311.1786316,-1.5564941513,STAR,,,,,,,,,,,,,,,,,,,0.0,2.748,-28.590778657146778
00024,310.88238838,-1.7571990013,STAR,,,,,,,,,,,,,,,,,,,0.0,2.859,-11.33711405191851
00025,311.33197297,-1.9924758023,STAR,,,,,,,,,,,,,,,,,,,0.0,2.9525,-44.05537193160035
00026,311.58178672,-1.4123472145,STAR,,,,,,,,,,,,,,,,,,,0.0,2.982,-37.59896005973163
00027,311.27478126,-1.4389584375,STAR,,,,,,,,,,,,,,,,,,,0.0,2.8339999999999996,-5.47729122396131
00028,311.51089895,-1.3982910316,STAR,,,,,,,,,,,,,,,,,,,0.0,2.9349999999999996,-24.42866299994429
00029,310.77087268,-1.6054125414,STAR,,,,,,,,,,,,,,,,,,,0.0,3.052,-23.611694995930396
00030,311.3588926,-1.9960474518,STAR,,,,,,,,,,,,,,,,,,,0.0,2.951,-39.606129949725755
00031,311.28000934,-2.012197499,STAR,,,,,,,,,,,,,,,,,,,0.0,2.9535,-22.695233619258918
00032,311.10047352,-2.0246270046,STAR,,,,,,,,,,,,,,,,,,,0.0,2.9955,5.963116369742677
00033,310.69294408,-1.5770836305,STAR,,,,,,,,,,,,,,,,,,,0.0,3.0585,-17.314945080919028
00034,311.46354882,-1.7197023239,STAR,,,,,,,,,,,,,,,,,,,0.0,2.9130000000000003,-12.58227004572289
00035,311.38178787,-1.5793176188,STAR,,,,,,,,,,,,,,,,,,,0.0,2.896,-0.10945424406904994
00036,311.50767118,-1.5489839259,STAR,,,,,,,,,,,,,,,,,,,0.0,2.95,-48.60263343730933
00037,311.41023335,-1.5452183842,STAR,,,,,,,,,,,,,,,,,,,0.0,2.9195,-24.449883952649742
00038,311.38023954,-1.5417985255,STAR,,,,,,,,,,,,,,,,,,,0.0,2.8754999999999997,-37.23656340064988
00039,311.56654807,-1.7511590014,STAR,,,,,,,,,,,,,,,,,,,0.0,3.0229999999999997,0.22307080823536699
00040,311.19584593,-1.7263818102,STAR,,,,,,,,,,,,,,,,,,,0.0,2.785,-17.4045386866535
00041,310.66926551,-1.7704653537,STAR,,,,,,,,,,,,,,,,,,,0.0,3.0255,-46.84721236825449
00042,311.02415387,-1.776844265,STAR,,,,,,,,,,,,,,,,,,,0.0,2.8425,-27.9317158116027
00043,311.09545473,-1.5176579748,STAR,,,,,,,,,,,,,,,,,,,0.0,2.8405,17.11763466890872
00044,310.94711717,-1.5325448884,STAR,,,,,,,,,,,,,,,,,,,0.0,2.84,-8.776677535360966
00045,311.10727737,-1.5498956981,STAR,,,,,,,,,,,,,,,,,,,0.0,2.836,-29.58332334159981
00046,311.33253498,-1.5544634973,STAR,,,,,,,,,,,,,,,,,,,0.0,2.842,-31.504626406675857
00047,311.5802176,-1.4934998043,STAR,,,,,,,,,,,,,,,,,,,0.0,2.963,11.370185489055231
00048,310.81483319,-1.5571452697,STAR,,,,,,,,,,,,,,,,,,,0.0,2.915,-13.718728088244287
00049,310.79002128,-1.6999993169,STAR,,,,,,,,,,,,,,,,,,,0.0,2.9135,-42.41133999316675
00050,311.67743435,-1.7149205882,STAR,,,,,,,,,,,,,,,,,,,0.0,3.1115000000000004,-19.423780434728148
00051,310.79060656,-1.6805427707,STAR,,,,,,,,,,,,,,,,,,,0.0,2.8555,-45.59256066824897
00052,311.50462057,-1.6780144011,STAR,,,,,,,,,,,,,,,,,,,0.0,2.928,-6.588214841526235
00053,311.4575922,-1.7128646707,STAR,,,,,,,,,,,,,,,,,,,0.0,2.8994999999999997,-29.696700884692323
00054,311.12054572,-1.5721139255,STAR,,,,,,,,,,,,,,,,,,,0.0,2.825,-30.625967752752352
00055,311.2875011,-1.7573669738,STAR,,,,,,,,,,,,,,,,,,,0.0,2.7695,-25.14736598032438
00056,311.33670178,-1.6890714044,STAR,,,,,,,,,,,,,,,,,,,0.0,2.8375,21.704242241974413
00057,311.54548898,-1.316315033,STAR,,,,,,,,,,,,,,,,,,,0.0,2.9450000000000003,-34.89816281817368
00058,310.64911752,-1.8558666264,STAR,,,,,,,,,,,,,,,,,,,0.0,3.086,2.741862051463394
00059,311.15088221,-1.5356701695,STAR,,,,,,,,,,,,,,,,,,,0.0,2.83,-18.947157580796123
00060,311.09676047,-1.8538426078,STAR,,,,,,,,,,,,,,,,,,,0.0,2.8255,-9.832525990082784
00061,310.86698376,-1.8467560826,STAR,,,,,,,,,,,,,,,,,,,0.0,2.984,11.044383320938794
00062,311.44420126,-1.4478744687,STAR,,,,,,,,,,,,,,,,,,,0.0,2.88,-32.65193730333944
00063,311.0524165,-1.9094388222,STAR,,,,,,,,,,,,,,,,,,,0.0,2.9545000000000003,-4.2464830319807545
00064,310.97245879,-1.919652999,STAR,,,,,,,,,,,,,,,,,,,0.0,2.9844999999999997,3.8314724891495087
00065,310.79703202,-1.8661291133,STAR,,,,,,,,,,,,,,,,,,,0.0,3.0035,-6.867396816617879
00066,311.36046779,-1.8158449806,STAR,,,,,,,,,,,,,,,,,,,0.0,2.9325,-3.7323449775730957
00067,311.46631193,-1.8115562675,STAR,,,,,,,,,,,,,,,,,,,0.0,2.964,-13.170276610229356
00068,311.0931084,-1.9266216731,STAR,,,,,,,,,,,,,,,,,,,0.0,2.9635,-5.543620563836647
00069,310.91150644,-1.4672913415,STAR,,,,,,,,,,,,,,,,,,,0.0,2.906,28.598330270504576
00070,311.43869256,-1.4057118611,STAR,,,,,,,,,,,,,,,,,,,0.0,2.8785,-17.407777043011514
00071,310.58733536,-1.6603320799,STAR,,,,,,,,,,,,,,,,,,,0.0,3.1685,-49.9880909772437
00072,311.52515628,-1.4202979382,STAR,,,,,,,,,,,,,,,,,,,0.0,2.9425,-37.64059838959061
00073,310.758609,-1.9904478787,STAR,,,,,,,,,,,,,,,,,,,0.0,3.1365,12.421160392058123
00074,310.97387713,-1.6482089347,STAR,,,,,,,,,,,,,,,,,,,0.0,2.801,-25.18292053597626
00075,311.48927422,-1.7628554096,STAR,,,,,,,,,,,,,,,,,,,0.0,2.9130000000000003,0.5319393098552733
00076,310.60535131,-1.7687998364,STAR,,,,,,,,,,,,,,,,,,,0.0,3.114,-9.796886485312003
00077,310.8953999,-1.4708345466,STAR,,,,,,,,,,,,,,,,,,,0.0,2.9085,-7.465220896609186
00078,310.94948102,-1.9319594462,STAR,,,,,,,,,,,,,,,,,,,0.0,2.9775,-12.819001310576525
00079,311.32775203,-1.847317841,STAR,,,,,,,,,,,,,,,,,,,0.0,2.933,26.089005120573876
00080,310.62424654,-1.4991778721,STAR,,,,,,,,,,,,,,,,,,,0.0,3.167,-24.743345962643286
00081,311.03533028,-1.5138921436,STAR,,,,,,,,,,,,,,,,,,,0.0,2.829,-38.55064253937672
00082,311.11331853,-1.8549823168,STAR,,,,,,,,,,,,,,,,,,,0.0,2.768,-3.648649896714518
00083,311.37150536,-1.8189378727,STAR,,,,,,,,,,,,,,,,,,,0.0,2.9050000000000002,-22.204950257425487
00084,311.00425742,-1.7978592648,STAR,,,,,,,,,,,,,,,,,,,0.0,2.8405,-4.327134664780121
00085,311.35204511,-1.8630652643,STAR,,,,,,,,,,,,,,,,,,,0.0,2.995,-11.402425507345157
00086,310.78347913,-1.3063912413,STAR,,,,,,,,,,,,,,,,,,,0.0,3.077,38.27354152455008
00087,310.78412083,-1.5016607386,STAR,,,,,,,,,,,,,,,,,,,0.0,2.9505,-20.40406871714949
00088,310.99503151,-1.8894690668,STAR,,,,,,,,,,,,,,,,,,,0.0,2.9130000000000003,-3.3673394087961266
00089,310.80762649,-1.9243080622,STAR,,,,,,,,,,,,,,,,,,,0.0,3.0945,4.311030409087749
00090,311.65889664,-1.8273260047,STAR,,,,,,,,,,,,,,,,,,,0.0,3.1384999999999996,-26.114722764041034
00091,311.53641714,-1.872149863,STAR,,,,,,,,,,,,,,,,,,,0.0,3.0995,-21.713822504984492
00092,311.32628436,-1.8765831908,STAR,,,,,,,,,,,,,,,,,,,0.0,2.9365,-9.818152002236042
00093,311.09041369,-1.4847662897,STAR,,,,,,,,,,,,,,,,,,,0.0,2.8529999999999998,6.3796149129337065
00094,311.49548688,-1.4756888927,STAR,,,,,,,,,,,,,,,,,,,0.0,2.9355,-27.297645691822314
00095,311.01311416,-1.9856955644,STAR,,,,,,,,,,,,,,,,,,,0.0,3.0220000000000002,16.580304087366397
00096,311.40242834,-1.9508532456,STAR,,,,,,,,,,,,,,,,,,,0.0,3.027,-73.35836792427007
00097,311.50017488,-1.9310068263,STAR,,,,,,,,,,,,,,,,,,,0.0,3.146,-57.79374215211749
00098,311.29499041,-1.9787125449,STAR,,,,,,,,,,,,,,,,,,,0.0,2.9385,-16.104550195150146
00099,310.98968325,-1.9412086901,STAR,,,,,,,,,,,,,,,,,,,0.0,2.9695,-21.11361422749166
00100,311.54524546,-1.9622304374,STAR,,,,,,,,,,,,,,,,,,,0.0,3.1045,-36.297241703958846
00101,311.32456076,-1.4909407269,STAR,,,,,,,,,,,,,,,,,,,0.0,2.8674999999999997,-30.310288274277102
00102,311.12349182,-1.8619071209,STAR,,,,,,,,,,,,,,,,,,,0.0,2.848,-4.662628208756677
00103,310.9695685,-1.913498399,STAR,,,,,,,,,,,,,,,,,,,0.0,2.9325,-23.160679613941195
00104,310.6578956,-1.3727347561,STAR,,,,,,,,,,,,,,,,,,,0.0,3.112,-14.2411259188486
00105,311.07865495,-1.9576569282,STAR,,,,,,,,,,,,,,,,,,,0.0,2.9539999999999997,19.61870236686296
00106,310.68090189,-1.4625374596,STAR,,,,,,,,,,,,,,,,,,,0.0,3.076,-13.12726434118391
00107,311.40946118,-2.0519618135,STAR,,,,,,,,,,,,,,,,,,,0.0,2.9855,-17.604742895928712
00108,311.52751767,-2.0530899602,STAR,,,,,,,,,,,,,,,,,,,0.0,3.077,-58.303810269955065
00109,310.73831616,-2.0380874141,STAR,,,,,,,,,,,,,,,,,,,0.0,3.17,14.362835583085971
00110,310.83111438,-2.1150746547,STAR,,,,,,,,,,,,,,,,,,,0.0,3.1420000000000003,9.524422830583907
00111,310.88954626,-2.0350016208,STAR,,,,,,,,,,,,,,,,,,,0.0,3.2135,0.3379052951322821
00112,311.22604049,-2.1052417796,STAR,,,,,,,,,,,,,,,,,,,0.0,3.0185,-6.565478012917209
00113,310.70241004,-2.004418107,STAR,,,,,,,,,,,,,,,,,,,0.0,3.1465,1.65873030535128
00114,311.56734586,-2.077210886,STAR,,,,,,,,,,,,,,,,,,,0.0,3.1319999999999997,-53.58360985695145
00115,311.3120535,-1.4065058657,STAR,,,,,,,,,,,,,,,,,,,0.0,2.934,-21.86287051673285
00116,311.28117259,-1.4023132309,STAR,,,,,,,,,,,,,,,,,,,0.0,2.848,-24.399761813371118
00117,310.99794748,-1.4299226041,STAR,,,,,,,,,,,,,,,,,,,0.0,2.8295,-11.160325305730494
00118,311.53395078,-2.0389644776,STAR,,,,,,,,,,,,,,,,,,,0.0,3.0885,-47.624188844645815
00119,311.67065023,-1.61868629,STAR,,,,,,,,,,,,,,,,,,,0.0,2.9645,-18.37041901478439
00120,311.01396163,-1.6231013602,STAR,,,,,,,,,,,,,,,,,,,0.0,2.8325,7.533377920146005
00121,311.48531327,-1.6426776801,STAR,,,,,,,,,,,,,,,,,,,0.0,2.8125,-15.646504536774124
00122,311.67562785,-1.6254128955,STAR,,,,,,,,,,,,,,,,,,,0.0,3.0535,-32.45596006733016
00123,311.33978495,-1.6043792349,STAR,,,,,,,,,,,,,,,,,,,0.0,2.8355,-51.04888497813839
00124,310.59267511,-1.59666069,STAR,,,,,,,,,,,,,,,,,,,0.0,3.1544999999999996,26.06877392627459
00125,311.10565221,-1.6310515606,STAR,,,,,,,,,,,,,,,,,,,0.0,2.803,-41.281896928506804
00126,310.98560964,-1.6323976804,STAR,,,,,,,,,,,,,,,,,,,0.0,2.7984999999999998,4.434269109897092
00127,311.60135853,-1.5950778896,STAR,,,,,,,,,,,,,,,,,,,0.0,3.019,-2.5626373968138187
00128,311.20499967,-1.5884154256,STAR,,,,,,,,,,,,,,,,,,,0.0,2.7750000000000004,-17.663069293830404
00129,311.61045673,-1.7181685479,STAR,,,,,,,,,,,,,,,,,,,0.0,3.0605,-14.923130507391482
00130,310.75923503,-1.6659845393,STAR,,,,,,,,,,,,,,,,,,,0.0,2.9930000000000003,-53.77205851016437
00131,310.95997513,-1.7161693003,STAR,,,,,,,,,,,,,,,,,,,0.0,2.755,-27.035230193216382
00132,311.62471014,-1.5715320517,STAR,,,,,,,,,,,,,,,,,,,0.0,2.943,-29.309817414743954
00133,311.18336509,-1.7100733047,STAR,,,,,,,,,,,,,,,,,,,0.0,2.738,-35.811198469845074
00134,311.4268614,-1.6113672818,STAR,,,,,,,,,,,,,,,,,,,0.0,2.9325,-56.654334644809126
00135,311.6427854,-1.5466477332,STAR,,,,,,,,,,,,,,,,,,,0.0,2.9865000000000004,-17.526288060457347
00136,311.4811886,-1.5624023592,STAR,,,,,,,,,,,,,,,,,,,0.0,2.9185,-35.96597976037221
00137,311.43203039,-1.7637902441,STAR,,,,,,,,,,,,,,,,,,,0.0,2.832,-9.411969742275497
00138,311.43739702,-1.8099768487,STAR,,,,,,,,,,,,,,,,,,,0.0,2.931,-31.69220301573878
00139,310.75391697,-1.568096938,STAR,,,,,,,,,,,,,,,,,,,0.0,2.993,-58.740925364764
00140,311.05531032,-1.730104471,STAR,,,,,,,,,,,,,,,,,,,0.0,2.817,-30.74237036190971
00141,311.18526568,-1.5941482825,STAR,,,,,,,,,,,,,,,,,,,0.0,2.755,4.327980048029518
00142,310.93527767,-1.5994715512,STAR,,,,,,,,,,,,,,,,,,,0.0,2.8049999999999997,-40.18044426721218
00143,311.6145429,-1.5987398935,STAR,,,,,,,,,,,,,,,,,,,0.0,2.971,15.005050640968769
00144,310.91917549,-1.9344525371,STAR,,,,,,,,,,,,,,,,,,,0.0,3.011,13.096149178833032
00145,311.23353957,-1.4750669108,STAR,,,,,,,,,,,,,,,,,,,0.0,2.7735000000000003,-23.560584385257062
00146,310.70470181,-1.4870387076,STAR,,,,,,,,,,,,,,,,,,,0.0,3.051,20.874876071330803
00147,311.28141375,-1.4818528336,STAR,,,,,,,,,,,,,,,,,,,0.0,2.7889999999999997,-48.17679743999141
00148,311.37977966,-1.7185828103,STAR,,,,,,,,,,,,,,,,,,,0.0,2.808,-16.000114106947077
00149,310.87244598,-1.5773347343,STAR,,,,,,,,,,,,,,,,,,,0.0,2.8655,-28.45302692067781
00150,311.51962862,-1.6064885579,STAR,,,,,,,,,,,,,,,,,,,0.0,2.8810000000000002,-17.88516745755495
00151,310.81972533,-2.002440661,STAR,,,,,,,,,,,,,,,,,,,0.0,3.0705,20.707519987592146
00152,310.64602459,-1.6650490311,STAR,,,,,,,,,,,,,,,,,,,0.0,3.1075,-57.18405133686424
00153,311.60228512,-1.6400527722,STAR,,,,,,,,,,,,,,,,,,,0.0,2.966,-11.631550375716396
00154,311.08032215,-1.6572146771,STAR,,,,,,,,,,,,,,,,,,,0.0,2.854,-12.786824980580992
00155,311.49502209,-1.6498092162,STAR,,,,,,,,,,,,,,,,,,,0.0,2.9074999999999998,-9.97454256080953
00156,310.95807885,-1.6588617058,STAR,,,,,,,,,,,,,,,,,,,0.0,2.8179999999999996,-36.77598351330863
00157,311.28191483,-2.0415084037,STAR,,,,,,,,,,,,,,,,,,,0.0,3.023,-12.927758010241511
00158,311.42498448,-2.1270698597,STAR,,,,,,,,,,,,,,,,,,,0.0,3.05,-44.451910056651755
00159,311.46746255,-1.4382834274,STAR,,,,,,,,,,,,,,,,,,,0.0,2.9625000000000004,-29.73526699867107
00160,311.28400562,-1.3418429373,STAR,,,,,,,,,,,,,,,,,,,0.0,2.8979999999999997,-31.76291018559135
00161,310.92590346,-1.9300824738,STAR,,,,,,,,,,,,,,,,,,,0.0,3.0035,8.314545020163065
00162,311.63951304,-1.9393629748,STAR,,,,,,,,,,,,,,,,,,,0.0,3.246,-28.482466581700216
00163,311.26053231,-1.9498037577,STAR,,,,,,,,,,,,,,,,,,,0.0,2.9355,-22.680542278444783
00164,311.55507652,-1.9478175352,STAR,,,,,,,,,,,,,,,,,,,0.0,3.154,-32.564962748713704
00165,311.50935175,-1.9845657858,STAR,,,,,,,,,,,,,,,,,,,0.0,3.0945,-48.82321660968417
00166,311.20835613,-1.3978405914,STAR,,,,,,,,,,,,,,,,,,,0.0,2.8295,-11.150532911357706
00167,310.90761401,-1.3708325528,STAR,,,,,,,,,,,,,,,,,,,0.0,2.966,30.67826752607978
00168,310.69155865,-1.3531740633,STAR,,,,,,,,,,,,,,,,,,,0.0,3.104,-8.570585703671712
00169,311.21587711,-1.3420779889,STAR,,,,,,,,,,,,,,,,,,,0.0,2.9035,-13.681710853620677
00170,311.46124738,-1.3866672782,STAR,,,,,,,,,,,,,,,,,,,0.0,2.9525,-50.24739446210361
00171,310.92389054,-1.3093804532,STAR,,,,,,,,,,,,,,,,,,,0.0,3.064,-9.372158464208363
00172,311.2766463,-1.3558065864,STAR,,,,,,,,,,,,,,,,,,,0.0,2.902,-39.03128015210082
00173,311.11806752,-1.7477487533,STAR,,,,,,,,,,,,,,,,,,,0.0,2.793,-35.53006831877066
00174,310.82154103,-1.7565859704,STAR,,,,,,,,,,,,,,,,,,,0.0,2.9290000000000003,31.650271773785036
00175,310.87049384,-1.5023558264,STAR,,,,,,,,,,,,,,,,,,,0.0,2.9015000000000004,-21.876437815362117
00176,311.22218122,-1.8372421369,STAR,,,,,,,,,,,,,,,,,,,0.0,2.9135,-11.873719620702538
00177,310.94117724,-1.8307905162,STAR,,,,,,,,,,,,,,,,,,,0.0,2.9050000000000002,-23.195365446504205
00178,311.40834352,-1.842624604,STAR,,,,,,,,,,,,,,,,,,,0.0,2.972,-34.550122391626815
00179,311.39641345,-1.3138625637,STAR,,,,,,,,,,,,,,,,,,,0.0,2.99,-43.62772266855855
00180,311.28093115,-1.296091476,STAR,,,,,,,,,,,,,,,,,,,0.0,2.976,-18.63261538257832
00181,311.16635399,-1.8368648408,STAR,,,,,,,,,,,,,,,,,,,0.0,2.8645,2.7478212974999594
00182,311.14864792,-1.8365231851,STAR,,,,,,,,,,,,,,,,,,,0.0,2.9055,16.208418281720117
00183,311.53616326,-1.8920209266,STAR,,,,,,,,,,,,,,,,,,,0.0,3.099,-40.478716887094244
00184,310.90748203,-1.8947401703,STAR,,,,,,,,,,,,,,,,,,,0.0,2.9225000000000003,-17.927168552533427
00185,311.3734141,-1.9095487146,STAR,,,,,,,,,,,,,,,,,,,0.0,3.013,6.485344215482395
00186,311.63130868,-1.9127781023,STAR,,,,,,,,,,,,,,,,,,,0.0,3.16,-45.67505868159623
00187,311.32602155,-1.9230975344,STAR,,,,,,,,,,,,,,,,,,,0.0,2.971,-18.718122229837977
00188,311.00057665,-1.8186712962,STAR,,,,,,,,,,,,,,,,,,,0.0,2.84,-15.221044626328183
00189,311.01944078,-1.8648417411,STAR,,,,,,,,,,,,,,,,,,,0.0,2.8979999999999997,20.350167637463347
00190,311.52322007,-1.891985449,STAR,,,,,,,,,,,,,,,,,,,0.0,3.1055,11.135076713200226
00191,311.38195479,-1.2650622948,STAR,,,,,,,,,,,,,,,,,,,0.0,2.998,-17.83535149901074
00192,310.94235957,-1.7676591617,STAR,,,,,,,,,,,,,,,,,,,0.0,2.84,-30.624025916822955
00193,311.51820726,-1.5466744628,STAR,,,,,,,,,,,,,,,,,,,0.0,2.892,-25.345690506311236
00194,311.65202921,-1.7515020009,STAR,,,,,,,,,,,,,,,,,,,0.0,3.1595,-23.16700050719423
00195,311.26920013,-1.7588947666,STAR,,,,,,,,,,,,,,,,,,,0.0,2.8365,2.0378764732025023
00196,311.61464541,-1.9009903679,STAR,,,,,,,,,,,,,,,,,,,0.0,3.1275000000000004,-36.31721325537449
00197,311.54721434,-1.8109893872,STAR,,,,,,,,,,,,,,,,,,,0.0,3.0060000000000002,-17.458288378689808
00198,311.18760913,-1.7313800694,STAR,,,,,,,,,,,,,,,,,,,0.0,2.7655000000000003,-4.920867473604092
00199,310.71630842,-1.7040819334,STAR,,,,,,,,,,,,,,,,,,,0.0,2.9425,-22.1562167424081
00200,311.07262456,-1.6893327603,STAR,,,,,,,,,,,,,,,,,,,0.0,2.8825000000000003,-5.705102822396683
00201,311.24317606,-1.7131348441,STAR,,,,,,,,,,,,,,,,,,,0.0,2.8075,19.059320460775403
00202,311.40202252,-1.7809697978,STAR,,,,,,,,,,,,,,,,,,,0.0,2.879,20.73524403239977
00203,310.96841315,-1.5965000009,STAR,,,,,,,,,,,,,,,,,,,0.0,2.8345000000000002,-49.102075933381826
00204,311.08798152,-1.5464989745,STAR,,,,,,,,,,,,,,,,,,,0.0,2.868,-5.741991141576852
00205,310.60973843,-1.6054619317,STAR,,,,,,,,,,,,,,,,,,,0.0,3.0774999999999997,-33.322233048471396
00206,310.71295682,-1.5675222192,STAR,,,,,,,,,,,,,,,,,,,0.0,3.1094999999999997,-42.77368763726435
00207,310.81503228,-1.5790667445,STAR,,,,,,,,,,,,,,,,,,,0.0,2.8795,-18.26856317801624
00208,310.65045861,-1.578588758,STAR,,,,,,,,,,,,,,,,,,,0.0,3.1025,-24.37463134812322
00209,310.69729267,-1.7390765374,STAR,,,,,,,,,,,,,,,,,,,0.0,2.996,20.232093124829436
00210,310.94048337,-1.7375386064,STAR,,,,,,,,,,,,,,,,,,,0.0,2.882,-18.49356120719632
00211,311.66451175,-1.7316401162,STAR,,,,,,,,,,,,,,,,,,,0.0,3.0355,-23.74062198872673
00212,310.67522677,-1.7197092167,STAR,,,,,,,,,,,,,,,,,,,0.0,3.029,-17.25414667039114
00213,311.41592027,-1.7097481161,STAR,,,,,,,,,,,,,,,,,,,0.0,3.0035,-40.11259696665391
00214,311.4527227,-1.6916172522,STAR,,,,,,,,,,,,,,,,,,,0.0,2.8514999999999997,11.601299778434196
00215,311.28005277,-1.6281959792,STAR,,,,,,,,,,,,,,,,,,,0.0,2.8265000000000002,-20.179015520740695
00216,311.25109303,-1.6080156672,STAR,,,,,,,,,,,,,,,,,,,0.0,2.844,-0.029583550307819492
00217,311.24537496,-1.5841047144,STAR,,,,,,,,,,,,,,,,,,,0.0,2.8215,5.274456131815979
00218,311.42862689,-1.640022568,STAR,,,,,,,,,,,,,,,,,,,0.0,2.8415,-49.51906181345368
00219,310.68876567,-1.6157276733,STAR,,,,,,,,,,,,,,,,,,,0.0,3.1045,-53.741299775141876
00220,310.89098225,-1.6329862331,STAR,,,,,,,,,,,,,,,,,,,0.0,2.9005,-27.4968631778686
00221,311.15668677,-2.0975331295,STAR,,,,,,,,,,,,,,,,,,,0.0,3.035,-37.977853719325644
00222,310.56511423,-1.6573418466,STAR,,,,,,,,,,,,,,,,,,,0.0,3.167,-58.38419668815451
00223,311.2279346,-1.661452505,STAR,,,,,,,,,,,,,,,,,,,0.0,2.786,-32.987886933865724
00224,311.65158795,-1.6513333491,STAR,,,,,,,,,,,,,,,,,,,0.0,3.0789999999999997,-5.133619251232959
00225,310.7292622,-1.6505103336,STAR,,,,,,,,,,,,,,,,,,,0.0,3.0265,-40.46390316195757
00226,310.9764416,-2.075273469,STAR,,,,,,,,,,,,,,,,,,,0.0,3.0895,20.60527248611822
00227,310.91755132,-2.0867319464,STAR,,,,,,,,,,,,,,,,,,,0.0,3.165,-10.203472593277485
00228,311.15654534,-2.0723647276,STAR,,,,,,,,,,,,,,,,,,,0.0,2.9915000000000003,-7.884222693509731
00229,311.11023848,-1.4164868538,STAR,,,,,,,,,,,,,,,,,,,0.0,2.916,-21.62457659717221
00230,311.30369872,-1.4123396755,STAR,,,,,,,,,,,,,,,,,,,0.0,2.9685,-48.4282497085035
00231,310.93063836,-2.0990697689,STAR,,,,,,,,,,,,,,,,,,,0.0,3.1635,22.155139476364305
00232,310.80708536,-2.0671952894,STAR,,,,,,,,,,,,,,,,,,,0.0,3.178,5.196961669493076
00233,311.5226823,-2.0349873941,STAR,,,,,,,,,,,,,,,,,,,0.0,3.068,-53.00098727756829
00234,311.48228298,-2.0446877344,STAR,,,,,,,,,,,,,,,,,,,0.0,3.059,-35.84427169244753
00235,310.90798002,-2.0250343867,STAR,,,,,,,,,,,,,,,,,,,0.0,3.0845000000000002,27.97972385130609
00236,311.32112586,-2.1052866413,STAR,,,,,,,,,,,,,,,,,,,0.0,2.983,-25.69861814833906
00237,311.17766469,-2.0468331894,STAR,,,,,,,,,,,,,,,,,,,0.0,2.9475,-27.020366185735696
00238,311.30563727,-2.1034535039,STAR,,,,,,,,,,,,,,,,,,,0.0,3.0214999999999996,-25.66460273875484
00239,311.58281458,-2.025347702,STAR,,,,,,,,,,,,,,,,,,,0.0,3.152,-48.50048752803521
00240,311.46347839,-2.0470003742,STAR,,,,,,,,,,,,,,,,,,,0.0,3.044,-47.86210322083931
00241,310.85004331,-2.0182146232,STAR,,,,,,,,,,,,,,,,,,,0.0,3.072,7.266712407899199
00242,311.11844628,-1.3999802729,STAR,,,,,,,,,,,,,,,,,,,0.0,2.8689999999999998,-22.197433179064085
00243,311.27471746,-2.1010856228,STAR,,,,,,,,,,,,,,,,,,,0.0,3.009,-39.5504242581394
00244,310.73722297,-2.0213296365,STAR,,,,,,,,,,,,,,,,,,,0.0,3.135,11.46881258642459
00245,311.14039534,-1.4082230404,STAR,,,,,,,,,,,,,,,,,,,0.0,2.8609999999999998,-29.478691178818583
00246,310.93246103,-1.6607593592,STAR,,,,,,,,,,,,,,,,,,,0.0,2.8795,-15.085555618854668
00247,311.36349677,-2.0776780958,STAR,,,,,,,,,,,,,,,,,,,0.0,3.0195,-14.156505333786455
00248,311.21094372,-2.0964170658,STAR,,,,,,,,,,,,,,,,,,,0.0,3.0105000000000004,-20.81898235597779
00249,311.70053811,-1.6598044482,STAR,,,,,,,,,,,,,,,,,,,0.0,3.0165,-18.363997236961197
00250,311.45967926,-1.5932386687,STAR,,,,,,,,,,,,,,,,,,,0.0,2.792,-14.901377858682363
00251,311.62134409,-1.6196189168,STAR,,,,,,,,,,,,,,,,,,,0.0,2.9815,-37.40371891667911
00252,310.70504372,-1.6182999094,STAR,,,,,,,,,,,,,,,,,,,0.0,3.02,-17.125392763756935
00253,310.73131076,-1.5165798257,STAR,,,,,,,,,,,,,,,,,,,0.0,2.9985,-49.620204871800766
00254,310.94444675,-1.3289748226,STAR,,,,,,,,,,,,,,,,,,,0.0,3.004,-20.105796169701822
00255,310.91028617,-1.2748286289,STAR,,,,,,,,,,,,,,,,,,,0.0,3.043,-8.169934556695353
00256,311.24806942,-1.5360448033,STAR,,,,,,,,,,,,,,,,,,,0.0,2.747,0.9085380015590232
00257,311.33216451,-1.7429763494,STAR,,,,,,,,,,,,,,,,,,,0.0,2.7960000000000003,-10.25443207213759
00258,311.18157856,-1.7483941277,STAR,,,,,,,,,,,,,,,,,,,0.0,2.7545,13.626027580040907
00259,310.80848308,-1.5303336132,STAR,,,,,,,,,,,,,,,,,,,0.0,2.95,5.00862639219916
00260,311.48515165,-1.7568264746,STAR,,,,,,,,,,,,,,,,,,,0.0,2.907,-10.36169055927168
00261,310.72966847,-1.7796593544,STAR,,,,,,,,,,,,,,,,,,,0.0,3.0055,-20.35212460875773
00262,310.95671898,-1.5412475534,STAR,,,,,,,,,,,,,,,,,,,0.0,2.794,-43.172848110514046
00263,310.89353668,-1.5624760565,STAR,,,,,,,,,,,,,,,,,,,0.0,2.8914999999999997,-25.07567892477641
00264,311.00790432,-2.126307965,STAR,,,,,,,,,,,,,,,,,,,0.0,3.1310000000000002,-3.7695390025249997
00265,311.10244383,-1.8593501566,STAR,,,,,,,,,,,,,,,,,,,0.0,2.811,15.081321327767442
00266,310.89926609,-1.8530938985,STAR,,,,,,,,,,,,,,,,,,,0.0,2.9815,-18.175736185918794
00267,311.266008,-1.8615255455,STAR,,,,,,,,,,,,,,,,,,,0.0,2.92,-24.374771478489176
00268,311.41643181,-1.3163194242,STAR,,,,,,,,,,,,,,,,,,,0.0,2.8975,-23.049578069778192
00269,311.09746868,-1.3321604335,STAR,,,,,,,,,,,,,,,,,,,0.0,2.9405,-5.810335913806495
00270,311.28792219,-1.7944295506,STAR,,,,,,,,,,,,,,,,,,,0.0,3.1745,-4.960453581315756
00271,311.25733168,-1.3555870518,STAR,,,,,,,,,,,,,,,,,,,0.0,2.9095000000000004,-42.50215303754012
00272,311.20822704,-1.3810761662,STAR,,,,,,,,,,,,,,,,,,,0.0,2.878,-22.1467447605856
00273,310.99821761,-1.4534861316,STAR,,,,,,,,,,,,,,,,,,,0.0,2.833,-3.7344485334673805
00274,310.70193681,-1.4592695036,STAR,,,,,,,,,,,,,,,,,,,0.0,3.076,-22.99709767693101
00275,311.03863079,-1.2703727044,STAR,,,,,,,,,,,,,,,,,,,0.0,2.958,-22.5617572538246
00276,311.43980383,-1.3266500956,STAR,,,,,,,,,,,,,,,,,,,0.0,2.95,-35.45368154039825
00277,310.76717919,-1.4865015017,STAR,,,,,,,,,,,,,,,,,,,0.0,3.0115,-10.522849547920844
00278,311.56993625,-1.341961659,STAR,,,,,,,,,,,,,,,,,,,0.0,2.947,-23.654291410700388
00279,311.29188316,-1.3436176963,STAR,,,,,,,,,,,,,,,,,,,0.0,2.8885,-23.402369578531367
00280,311.19475195,-1.9365469704,STAR,,,,,,,,,,,,,,,,,,,0.0,2.9699999999999998,-3.7032174936395896
00281,311.2463769,-2.0892979008,STAR,,,,,,,,,,,,,,,,,,,0.0,3.026,-6.524012305147499
00282,311.31020469,-2.1203362544,STAR,,,,,,,,,,,,,,,,,,,0.0,2.979,-23.880758629503056
00283,311.48007869,-1.451401811,STAR,,,,,,,,,,,,,,,,,,,0.0,2.942,-40.514382032653145
00284,311.64287532,-1.4317812517,STAR,,,,,,,,,,,,,,,,,,,0.0,3.0854999999999997,-28.402971634775085
00285,311.23015404,-1.5613355665,STAR,,,,,,,,,,,,,,,,,,,0.0,2.71,-49.42702380487946
00286,311.43272545,-2.1005160503,STAR,,,,,,,,,,,,,,,,,,,0.0,3.05,-34.59596459985025
00287,311.09276347,-1.6057246187,STAR,,,,,,,,,,,,,,,,,,,0.0,2.9125,-45.60530516095174
00288,311.50703347,-1.644572465,STAR,,,,,,,,,,,,,,,,,,,0.0,2.9325,-32.05479861573161
00289,310.87634512,-2.1000136677,STAR,,,,,,,,,,,,,,,,,,,0.0,3.129,15.946740114216773
00290,311.58026624,-1.9990100535,STAR,,,,,,,,,,,,,,,,,,,0.0,3.1235,-54.13666331368722
00291,311.07620984,-1.427657323,STAR,,,,,,,,,,,,,,,,,,,0.0,2.8225,-29.212719644223732
00292,311.62515512,-1.4289354816,STAR,,,,,,,,,,,,,,,,,,,0.0,2.995,-11.072365298201833
00293,311.42361047,-1.6339334736,STAR,,,,,,,,,,,,,,,,,,,0.0,2.859,-18.100766280026615
00294,310.95164579,-2.0352350946,STAR,,,,,,,,,,,,,,,,,,,0.0,3.0445,-1.103135694815048
00295,310.77359686,-2.0197917907,STAR,,,,,,,,,,,,,,,,,,,0.0,3.1045,21.96373924787932
00296,311.00092913,-1.6411829637,STAR,,,,,,,,,,,,,,,,,,,0.0,2.771,-30.451874497010987
00297,310.72212638,-2.0982676676,STAR,,,,,,,,,,,,,,,,,,,0.0,3.2800000000000002,12.2148223637675
00298,311.30541266,-2.1380703828,STAR,,,,,,,,,,,,,,,,,,,0.0,3.045,-28.527402822390137
00299,310.65624153,-1.3827457817,STAR,,,,,,,,,,,,,,,,,,,0.0,3.112,-10.1397450715526
00300,311.61462722,-1.8664588179,STAR,,,,,,,,,,,,,,,,,,,0.0,3.1345,-38.44345203858452
00301,310.92529897,-1.2888400725,STAR,,,,,,,,,,,,,,,,,,,0.0,3.041,-21.516089564661986
00302,311.07230684,-1.256494195,STAR,,,,,,,,,,,,,,,,,,,0.0,2.973,-11.675518640505267
00303,311.48127433,-1.9893574557,STAR,,,,,,,,,,,,,,,,,,,0.0,3.0675,-31.21877182074288
00304,310.86073299,-1.3323717438,STAR,,,,,,,,,,,,,,,,,,,0.0,3.0295,-15.637031350554873
00305,311.14961759,-1.9233278679,STAR,,,,,,,,,,,,,,,,,,,0.0,2.923,-22.582663372877708
00306,311.07283937,-1.4585359663,STAR,,,,,,,,,,,,,,,,,,,0.0,2.8715,7.499886794296412
00307,311.3109512,-1.9532625105,STAR,,,,,,,,,,,,,,,,,,,0.0,2.923,-1.9513806658325044
00308,311.18611217,-1.369156463,STAR,,,,,,,,,,,,,,,,,,,0.0,2.809,-21.972401484837754
00309,310.94431757,-1.7864537759,STAR,,,,,,,,,,,,,,,,,,,0.0,2.8255,-29.79932378055241
00310,310.56020915,-1.7694570644,STAR,,,,,,,,,,,,,,,,,,,0.0,3.0745,-14.40971665578887
00311,311.56461834,-1.5410060827,STAR,,,,,,,,,,,,,,,,,,,0.0,2.9105,-41.09702459231879
00312,311.62155271,-1.6934723937,STAR,,,,,,,,,,,,,,,,,,,0.0,3.053,-26.86982992847449
00313,311.02747483,-1.5337861269,STAR,,,,,,,,,,,,,,,,,,,0.0,2.7424999999999997,-9.787836129853238
00314,311.3857819,-1.7677819518,STAR,,,,,,,,,,,,,,,,,,,0.0,2.8324999999999996,-30.121110760189715
00315,311.0666011,-1.9144085727,STAR,,,,,,,,,,,,,,,,,,,0.0,2.8225,0.7057385287964724
00316,310.99878299,-1.8004814793,STAR,,,,,,,,,,,,,,,,,,,0.0,2.8419999999999996,-15.615140504925767
00317,310.86301349,-1.8369233316,STAR,,,,,,,,,,,,,,,,,,,0.0,2.9210000000000003,-22.23899617048933
00318,310.94049988,-1.9019838826,STAR,,,,,,,,,,,,,,,,,,,0.0,2.9130000000000003,-3.68387464670804
00319,310.88157026,-1.3276238285,STAR,,,,,,,,,,,,,,,,,,,0.0,3.0505,6.256645963940385
00320,311.19169899,-1.500083186,STAR,,,,,,,,,,,,,,,,,,,0.0,2.7965,-4.798358319547833
00321,311.42861604,-2.0798408257,STAR,,,,,,,,,,,,,,,,,,,0.0,3.021,-53.658873172062876
00322,310.80975466,-1.4500635512,STAR,,,,,,,,,,,,,,,,,,,0.0,2.934,8.159557456636337
00323,310.73978329,-1.4458259733,STAR,,,,,,,,,,,,,,,,,,,0.0,2.9829999999999997,7.37202545352902
00324,310.58352668,-1.6195271646,STAR,,,,,,,,,,,,,,,,,,,0.0,3.151,-33.32580839669423
00325,310.67259018,-1.6227192646,STAR,,,,,,,,,,,,,,,,,,,0.0,3.0575,-23.573780227302677
00326,311.58747718,-1.6956742779,STAR,,,,,,,,,,,,,,,,,,,0.0,3.0735,23.352626827918353
00327,311.04282044,-1.5801754572,STAR,,,,,,,,,,,,,,,,,,,0.0,2.7685,6.281311950666098
00328,311.64952368,-1.7246728432,STAR,,,,,,,,,,,,,,,,,,,0.0,3.0345,-14.0038406189063
00329,311.46509709,-1.8972236667,STAR,,,,,,,,,,,,,,,,,,,0.0,3.034,31.914040570162424
00330,311.43664679,-1.853005014,STAR,,,,,,,,,,,,,,,,,,,0.0,2.9595000000000002,-31.983270968939273
00331,311.61458907,-1.5808285069,STAR,,,,,,,,,,,,,,,,,,,0.0,2.9875,-38.21236038470354
00332,311.54230536,-1.447866527,STAR,,,,,,,,,,,,,,,,,,,0.0,2.8605,-23.669255657247543
00333,311.4374222,-1.9465791794,STAR,,,,,,,,,,,,,,,,,,,0.0,2.951,-16.96590257836341
00334,311.21317856,-1.9389438536,STAR,,,,,,,,,,,,,,,,,,,0.0,2.9295,-20.65750206698264
00335,311.56076751,-1.9297200819,STAR,,,,,,,,,,,,,,,,,,,0.0,3.151,-37.20180289905767
00336,311.1923865,-1.9670907799,STAR,,,,,,,,,,,,,,,,,,,0.0,2.917,-3.505158903233948
00337,310.73033207,-1.9845940013,STAR,,,,,,,,,,,,,,,,,,,0.0,3.0725,8.285630188477315
00338,311.50656817,-1.3161537819,STAR,,,,,,,,,,,,,,,,,,,0.0,2.989,-29.270901518771737
00339,311.56268519,-1.3635137414,STAR,,,,,,,,,,,,,,,,,,,0.0,2.9160000000000004,-38.37892287942542
00340,310.97272035,-1.3365049334,STAR,,,,,,,,,,,,,,,,,,,0.0,3.0490000000000004,28.74340434534975
00341,311.35651219,-1.3023325686,STAR,,,,,,,,,,,,,,,,,,,0.0,2.9234999999999998,-23.66794729204101
00342,310.73912707,-1.5037231341,STAR,,,,,,,,,,,,,,,,,,,0.0,2.9775,-32.86995487921419
00343,311.1360125,-1.8493882789,STAR,,,,,,,,,,,,,,,,,,,0.0,2.803,0.8396856729775302
00344,310.97204571,-1.8216233262,STAR,,,,,,,,,,,,,,,,,,,0.0,2.8235,-12.853319265016072
00345,311.60760709,-1.8195288569,STAR,,,,,,,,,,,,,,,,,,,0.0,3.0774999999999997,-10.65472145899409
00346,311.27653472,-1.5148143473,STAR,,,,,,,,,,,,,,,,,,,0.0,2.7725,-22.247033391587227
00347,311.54876022,-1.651051968,STAR,,,,,,,,,,,,,,,,,,,0.0,2.837,-15.34233059132246
00348,310.71503383,-1.5211651934,STAR,,,,,,,,,,,,,,,,,,,0.0,2.9985,-13.111505415598188
00349,311.21168087,-2.085291902,STAR,,,,,,,,,,,,,,,,,,,0.0,3.003,-15.296607851929906
00350,310.62127843,-1.4216747769,STAR,,,,,,,,,,,,,,,,,,,0.0,3.1155,12.169477741215534
00351,310.94514774,-1.7947867325,STAR,,,,,,,,,,,,,,,,,,,0.0,2.787,-21.560519593817578
00352,311.60128556,-1.4071452198,STAR,,,,,,,,,,,,,,,,,,,0.0,2.981,-24.924370717063272
00353,311.16070828,-1.5974117001,STAR,,,,,,,,,,,,,,,,,,,0.0,2.8415,-15.892353197133655
00354,311.55266508,-1.7181479692,STAR,,,,,,,,,,,,,,,,,,,0.0,2.941,-36.012758676958846
00355,310.72946965,-1.6673629564,STAR,,,,,,,,,,,,,,,,,,,0.0,2.979,-27.2871401634986
00356,310.8765861,-1.6847957508,STAR,,,,,,,,,,,,,,,,,,,0.0,2.793,-17.892850803120208
00357,310.74093717,-2.1114067177,STAR,,,,,,,,,,,,,,,,,,,0.0,3.2715,-13.57052762100332
00358,311.30303434,-1.4199608667,STAR,,,,,,,,,,,,,,,,,,,0.0,2.939,-28.41120375554478
00359,310.967234,-1.438234245,STAR,,,,,,,,,,,,,,,,,,,0.0,2.8645,-35.89208803519818
00360,311.54586887,-1.4232814779,STAR,,,,,,,,,,,,,,,,,,,0.0,2.8825000000000003,-37.38160052956073
00361,311.35676768,-1.436338921,STAR,,,,,,,,,,,,,,,,,,,0.0,2.919,-31.384950074015
00362,311.47635732,-1.4534880977,STAR,,,,,,,,,,,,,,,,,,,0.0,2.899,-13.966011568664921
00363,310.91194649,-2.1240138073,STAR,,,,,,,,,,,,,,,,,,,0.0,3.238,24.998350215431902
00364,310.75794876,-1.5003589909,STAR,,,,,,,,,,,,,,,,,,,0.0,2.9610000000000003,-35.60922263045027
00365,311.60543922,-1.9415052189,STAR,,,,,,,,,,,,,,,,,,,0.0,3.0999999999999996,-47.58481362134822
00366,311.58016448,-1.3519500575,STAR,,,,,,,,,,,,,,,,,,,0.0,2.9444999999999997,-19.46660846727797
00367,311.52379172,-1.3867817858,STAR,,,,,,,,,,,,,,,,,,,0.0,2.8529999999999998,-36.176250167206575
00368,311.60698266,-1.3600675632,STAR,,,,,,,,,,,,,,,,,,,0.0,3.0004999999999997,-44.11775120480274
00369,311.06245584,-1.3935713021,STAR,,,,,,,,,,,,,,,,,,,0.0,2.8695000000000004,-3.0323758582352527
00370,311.41415838,-1.814485237,STAR,,,,,,,,,,,,,,,,,,,0.0,2.8995,-39.14147968306495
00371,310.62675954,-1.6870392609,STAR,,,,,,,,,,,,,,,,,,,0.0,3.052,-39.67951148196146
00372,310.81614937,-1.8081792828,STAR,,,,,,,,,,,,,,,,,,,0.0,2.9355,-15.434604712185266
00373,310.82469907,-1.6281802495,STAR,,,,,,,,,,,,,,,,,,,0.0,2.9314999999999998,-35.74612888910235
00374,311.25420612,-1.6572141941,STAR,,,,,,,,,,,,,,,,,,,0.0,2.8120000000000003,14.850996853638291
00375,310.92464664,-1.595320937,STAR,,,,,,,,,,,,,,,,,,,0.0,2.7895,-11.961858735239838
00376,310.63216871,-1.6108282016,STAR,,,,,,,,,,,,,,,,,,,0.0,3.0220000000000002,-34.896290680016016
00377,310.67122729,-1.404830991,STAR,,,,,,,,,,,,,,,,,,,0.0,3.1025,-27.637801571774204
00378,311.63684447,-1.7746469626,STAR,,,,,,,,,,,,,,,,,,,0.0,3.0905,-22.931301846248207
00379,310.65107014,-1.8657602926,STAR,,,,,,,,,,,,,,,,,,,0.0,3.2615,-39.895819006916874
00380,311.51001493,-2.1333453176,STAR,,,,,,,,,,,,,,,,,,,0.0,3.4909999999999997,-42.01315319897055
00381,310.60886785,-1.7972039685,STAR,,,,,,,,,,,,,,,,,,,0.0,3.0484999999999998,-7.555149979428324
00382,311.60150447,-1.6894923801,STAR,,,,,,,,,,,,,,,,,,,0.0,3.0490000000000004,-14.821601863554719
00383,311.66097424,-1.5551190815,STAR,,,,,,,,,,,,,,,,,,,0.0,2.9924999999999997,-41.965676234846846
00384,310.99528736,-1.5425789142,STAR,,,,,,,,,,,,,,,,,,,0.0,2.775,-33.074172608818714
00385,311.38765269,-1.5138446295,STAR,,,,,,,,,,,,,,,,,,,0.0,2.8179999999999996,-31.531302865881827
00386,311.20814128,-1.7034217094,STAR,,,,,,,,,,,,,,,,,,,0.0,2.7235,-25.523482408903917
00387,311.70327218,-1.8242803069,STAR,,,,,,,,,,,,,,,,,,,0.0,3.1745,-14.237224912658798
00388,311.34654849,-1.8858021568,STAR,,,,,,,,,,,,,,,,,,,0.0,2.855,-38.89755636402275
00389,311.48384649,-1.8427776165,STAR,,,,,,,,,,,,,,,,,,,0.0,3.0425,15.264804074817864
00390,311.69402534,-1.8536101096,STAR,,,,,,,,,,,,,,,,,,,0.0,3.178,-47.26130585658932
00391,311.6194819,-2.0301991939,STAR,,,,,,,,,,,,,,,,,,,0.0,3.1790000000000003,-51.904524139879136
00392,311.26067038,-2.1141958835,STAR,,,,,,,,,,,,,,,,,,,0.0,2.9765,-31.08773656381963
00393,310.57578138,-1.7157911033,STAR,,,,,,,,,,,,,,,,,,,0.0,3.0745,-20.366062729897198
00394,310.57105869,-1.7367598767,STAR,,,,,,,,,,,,,,,,,,,0.0,3.1239999999999997,-9.90578144072021
00395,310.76670797,-1.6175073029,STAR,,,,,,,,,,,,,,,,,,,0.0,2.9485,-35.32164920186965
00396,310.99862295,-1.5909249137,STAR,,,,,,,,,,,,,,,,,,,0.0,2.7664999999999997,-21.85534066266295
00397,311.4694742,-1.6555804906,STAR,,,,,,,,,,,,,,,,,,,0.0,2.828,5.326708297132203
00398,310.87454589,-1.6309960737,STAR,,,,,,,,,,,,,,,,,,,0.0,2.8325,-29.311748243406864
00399,311.33056318,-2.0234042676,STAR,,,,,,,,,,,,,,,,,,,0.0,2.965,-21.92244963186152
00400,311.23695398,-2.0083964408,STAR,,,,,,,,,,,,,,,,,,,0.0,2.9435000000000002,-20.77705021941541
00401,310.99045249,-2.0199124186,STAR,,,,,,,,,,,,,,,,,,,0.0,2.98,-0.43016205969178467
00402,310.83127226,-2.0100457726,STAR,,,,,,,,,,,,,,,,,,,0.0,3.0735,2.0654858843694757
00403,310.8936639,-1.570181879,STAR,,,,,,,,,,,,,,,,,,,0.0,2.893,0.5034144569951339
00404,311.46125513,-1.303803671,STAR,,,,,,,,,,,,,,,,,,,0.0,3.2945,69.27209771517292
00405,310.7759152,-1.4040407401,STAR,,,,,,,,,,,,,,,,,,,0.0,3.1100000000000003,-17.832782269901276
00406,311.42119831,-2.1330409542,STAR,,,,,,,,,,,,,,,,,,,0.0,3.257,-29.695906802561204
00407,311.62671091,-1.7932867972,STAR,,,,,,,,,,,,,,,,,,,0.0,3.1505,-24.413029226876194
00408,311.59665179,-1.758677447,STAR,,,,,,,,,,,,,,,,,,,0.0,3.0005,-33.53532519342559
00409,311.19022312,-1.8363351925,STAR,,,,,,,,,,,,,,,,,,,0.0,2.7945,-11.495493141235453
00410,311.18029058,-1.285482418,STAR,,,,,,,,,,,,,,,,,,,0.0,2.908,-12.638361763534217
00411,311.54566811,-1.518450294,STAR,,,,,,,,,,,,,,,,,,,0.0,2.9539999999999997,-11.085294966623547
00412,311.55951929,-1.6836339475,STAR,,,,,,,,,,,,,,,,,,,0.0,2.9885,1.65657563489738
00413,311.6929627,-1.6952276142,STAR,,,,,,,,,,,,,,,,,,,0.0,3.0885,-6.542057871601737
00414,311.09624503,-1.3107845075,STAR,,,,,,,,,,,,,,,,,,,0.0,2.9459999999999997,-30.40264647895132
00415,311.04379609,-1.3903407195,STAR,,,,,,,,,,,,,,,,,,,0.0,2.875,-18.719910982762602
00416,311.47147005,-1.3095255402,STAR,,,,,,,,,,,,,,,,,,,0.0,2.942,-1.1241742698853694
00417,310.81340416,-1.9630135214,STAR,,,,,,,,,,,,,,,,,,,0.0,3.008,12.913520231686809
00418,311.31434953,-1.9621695582,STAR,,,,,,,,,,,,,,,,,,,0.0,2.9405,-17.39361131714036
00419,311.47758378,-1.3969205509,STAR,,,,,,,,,,,,,,,,,,,0.0,2.8739999999999997,-27.923553844586237
00420,310.82787751,-1.3859060619,STAR,,,,,,,,,,,,,,,,,,,0.0,3.072,-16.609342320029523
00421,311.2053946,-1.5014684467,STAR,,,,,,,,,,,,,,,,,,,0.0,2.715,-21.226427370415113
00422,311.38066294,-1.9201740771,STAR,,,,,,,,,,,,,,,,,,,0.0,2.9189999999999996,-42.35058801065574
00423,311.47894625,-1.9220152091,STAR,,,,,,,,,,,,,,,,,,,0.0,3.011,-34.40794947648936
00424,311.50958813,-1.4668657645,STAR,,,,,,,,,,,,,,,,,,,0.0,2.9505,-19.635983811713697
00425,310.74396399,-2.12860679,STAR,,,,,,,,,,,,,,,,,,,0.0,3.2590000000000003,16.43710873844075
00426,311.34281994,-1.9459900726,STAR,,,,,,,,,,,,,,,,,,,0.0,2.909,-40.309014796522135
00427,310.86192806,-1.9641799793,STAR,,,,,,,,,,,,,,,,,,,0.0,3.0335,-3.815690944071284
00428,310.73705515,-1.9717233726,STAR,,,,,,,,,,,,,,,,,,,0.0,3.136,10.37642550255491
00429,311.09625307,-1.9907656642,STAR,,,,,,,,,,,,,,,,,,,0.0,2.9425,-6.493247623519766
00430,310.81891239,-1.4153354826,STAR,,,,,,,,,,,,,,,,,,,0.0,2.9909999999999997,18.449593106296955
00431,310.85474933,-1.4170150098,STAR,,,,,,,,,,,,,,,,,,,0.0,2.966,-34.19495893490159
00432,311.05454907,-1.4335490029,STAR,,,,,,,,,,,,,,,,,,,0.0,2.855,7.4788857447866475
00433,311.5843114,-1.8764459087,STAR,,,,,,,,,,,,,,,,,,,0.0,3.1515,-49.079393739561894
00434,311.16788215,-1.5053178999,STAR,,,,,,,,,,,,,,,,,,,0.0,2.8405,21.298036387649308
00435,311.39757423,-1.3876651486,STAR,,,,,,,,,,,,,,,,,,,0.0,2.9055,-31.393840214272792
00436,311.27083649,-1.3528694085,STAR,,,,,,,,,,,,,,,,,,,0.0,2.8865,-22.034562851744383
00437,310.75012747,-1.3575719718,STAR,,,,,,,,,,,,,,,,,,,0.0,3.0815,-28.51958522818581
00438,311.0784832,-1.5380791018,STAR,,,,,,,,,,,,,,,,,,,0.0,2.8655,1.2412286398964107
00439,310.6291053,-1.5226736941,STAR,,,,,,,,,,,,,,,,,,,0.0,3.1449999999999996,-9.76902749169109
00440,310.68545398,-1.5307493027,STAR,,,,,,,,,,,,,,,,,,,0.0,3.0415,-5.426163446182397
00441,310.62807278,-1.9384530941,STAR,,,,,,,,,,,,,,,,,,,0.0,3.168,5.268263691524966
00442,311.43247497,-2.0556496713,STAR,,,,,,,,,,,,,,,,,,,0.0,2.9915,-57.43427466480334
00443,311.30859263,-2.036219269,STAR,,,,,,,,,,,,,,,,,,,0.0,2.9539999999999997,-32.65587772986165
00444,311.0523236,-1.6397353126,STAR,,,,,,,,,,,,,,,,,,,0.0,2.7835,-21.546813641270045
00445,311.0075741,-1.6699587486,STAR,,,,,,,,,,,,,,,,,,,0.0,2.7670000000000003,-26.60450135358502
00446,310.92154682,-1.843540623,STAR,,,,,,,,,,,,,,,,,,,0.0,2.8405,5.109240589945239
00447,311.06437734,-1.8199807251,STAR,,,,,,,,,,,,,,,,,,,0.0,2.743,2.0029937546452876
00448,310.98635446,-1.9064511597,STAR,,,,,,,,,,,,,,,,,,,0.0,2.9705000000000004,9.630169281702235
00449,311.60250804,-1.5817597045,STAR,,,,,,,,,,,,,,,,,,,0.0,2.955,-49.135709567015205
00450,310.91036932,-1.3097421486,STAR,,,,,,,,,,,,,,,,,,,0.0,3.02,-26.298785645585422
00451,311.4649116,-2.1414558677,STAR,,,,,,,,,,,,,,,,,,,0.0,3.5965,-28.44463119697951
00452,311.34233671,-1.5115376117,STAR,,,,,,,,,,,,,,,,,,,0.0,2.901,-36.17440857134072
00453,310.89357883,-1.314616652,STAR,,,,,,,,,,,,,,,,,,,0.0,3.016,-4.914298923417586
00454,310.89068045,-2.0951516028,STAR,,,,,,,,,,,,,,,,,,,0.0,3.1505,-0.38950576578489393
00455,311.10391112,-1.3873480273,STAR,,,,,,,,,,,,,,,,,,,0.0,2.8775,-45.80515823788893
00456,311.1413813,-1.4584731707,STAR,,,,,,,,,,,,,,,,,,,0.0,2.8625,18.13501175404527
00457,310.81895021,-2.1155741164,STAR,,,,,,,,,,,,,,,,,,,0.0,3.15,8.607967162962751
00458,311.04143972,-1.7511987274,STAR,,,,,,,,,,,,,,,,,,,0.0,2.8625,1.553079859160214
00459,311.06524024,-1.9342333546,STAR,,,,,,,,,,,,,,,,,,,0.0,2.855,-4.489814478019751
00460,310.68632828,-1.8756864012,STAR,,,,,,,,,,,,,,,,,,,0.0,2.9955,-15.303434337258922
00461,310.65320171,-1.9208825375,STAR,,,,,,,,,,,,,,,,,,,0.0,3.0875000000000004,13.223507595363719
00462,311.51598684,-1.6403314606,STAR,,,,,,,,,,,,,,,,,,,0.0,2.98,-34.704740949618085
00463,311.71116614,-1.7123946829,STAR,,,,,,,,,,,,,,,,,,,0.0,3.1235,-23.2560043650448
00464,311.65434319,-1.8449599627,STAR,,,,,,,,,,,,,,,,,,,0.0,3.1345,-21.94435227632546
00465,310.79143605,-1.853793016,STAR,,,,,,,,,,,,,,,,,,,0.0,2.9855,-12.987095140972237
00466,311.07665633,-1.7501760925,STAR,,,,,,,,,,,,,,,,,,,0.0,2.7560000000000002,-28.068003714035896
00467,310.88688677,-2.0139410271,STAR,,,,,,,,,,,,,,,,,,,0.0,3.0725,-5.080066851832149
00468,310.88618606,-2.0280490978,STAR,,,,,,,,,,,,,,,,,,,0.0,3.076,22.412667202885483
00469,310.83105825,-1.7253610539,STAR,,,,,,,,,,,,,,,,,,,0.0,2.8579999999999997,-31.309332404580317
00470,310.88266492,-1.7915561948,STAR,,,,,,,,,,,,,,,,,,,0.0,2.862,-15.726226407227724
00471,310.66334356,-1.7755447111,STAR,,,,,,,,,,,,,,,,,,,0.0,2.99,-27.223043956304892
00472,310.96996828,-1.7423979348,STAR,,,,,,,,,,,,,,,,,,,0.0,2.877,-35.42509052689129
00473,310.96165577,-1.7420903955,STAR,,,,,,,,,,,,,,,,,,,0.0,2.777,-21.586823137075406
00474,310.97732091,-1.5665409833,STAR,,,,,,,,,,,,,,,,,,,0.0,2.7489999999999997,-6.544640913239069
00475,310.87534161,-2.1092574247,STAR,,,,,,,,,,,,,,,,,,,0.0,3.192,12.614608036298826
00476,310.61530547,-1.5506284194,STAR,,,,,,,,,,,,,,,,,,,0.0,3.1685,-26.075800779587457
00477,310.6013868,-1.446271533,STAR,,,,,,,,,,,,,,,,,,,0.0,3.169,-39.755181739047835
00478,310.67092425,-1.8581474441,STAR,,,,,,,,,,,,,,,,,,,0.0,3.123,-20.036318782521636
00479,311.60548343,-1.7076519723,STAR,,,,,,,,,,,,,,,,,,,0.0,3.01,-17.328555791018143
00480,310.69942209,-1.6868736163,STAR,,,,,,,,,,,,,,,,,,,0.0,3.0445,-16.10327294877559
00481,310.93910951,-1.6434201287,STAR,,,,,,,,,,,,,,,,,,,0.0,2.8754999999999997,-61.27668413627708
00482,311.38766748,-2.1435712618,STAR,,,,,,,,,,,,,,,,,,,0.0,3.343,-20.583792897353725
00483,311.51378313,-1.4847883905,STAR,,,,,,,,,,,,,,,,,,,0.0,2.8455,-22.4255083809828
00484,311.39488421,-2.0620052022,STAR,,,,,,,,,,,,,,,,,,,0.0,3.028,-32.97173124551299
00485,311.3406037,-2.060076352,STAR,,,,,,,,,,,,,,,,,,,0.0,3.0054999999999996,-24.399599531241883
00486,311.30119178,-1.7514291327,STAR,,,,,,,,,,,,,,,,,,,0.0,2.7874999999999996,-14.706194674589845
00487,311.55093787,-1.7429838942,STAR,,,,,,,,,,,,,,,,,,,0.0,2.979,-15.524951958848446
00488,311.59501349,-1.8122634571,STAR,,,,,,,,,,,,,,,,,,,0.0,3.0845000000000002,-45.64508939650565
00489,310.72445762,-1.7322900212,STAR,,,,,,,,,,,,,,,,,,,0.0,2.9725,-22.087898961240278
00490,311.69667374,-1.694758044,STAR,,,,,,,,,,,,,,,,,,,0.0,3.0975,-10.846958237882637
00491,310.62668533,-1.9210004838,STAR,,,,,,,,,,,,,,,,,,,0.0,3.1585,-0.6007085756200762
00492,310.81537128,-1.5853996255,STAR,,,,,,,,,,,,,,,,,,,0.0,3.3875,63.90960919772997
00493,311.72333364,-1.7557458094,STAR,,,,,,,,,,,,,,,,,,,0.0,3.174,-13.55265359835714
00494,310.66742644,-1.3925481774,STAR,,,,,,,,,,,,,,,,,,,0.0,3.1125,-18.00632032104716
00495,310.91630271,-1.3261631843,STAR,,,,,,,,,,,,,,,,,,,0.0,3.016,-2.8097935638302136
00496,310.57943292,-1.513334963,STAR,,,,,,,,,,,,,,,,,,,0.0,3.2215,-42.38813170222541
00497,311.39883931,-1.4420550012,STAR,,,,,,,,,,,,,,,,,,,0.0,2.999,16.18412410007609
00498,310.71041422,-1.4459588541,STAR,,,,,,,,,,,,,,,,,,,0.0,2.98,6.760180580303839
00499,310.82930576,-1.3630915716,STAR,,,,,,,,,,,,,,,,,,,0.0,3.037,4.9371753039100295
00500,310.88384991,-1.5328677514,STAR,,,,,,,,,,,,,,,,,,,0.0,2.822,-26.168149977070506
00501,311.23427911,-2.0604426224,STAR,,,,,,,,,,,,,,,,,,,0.0,3.01,14.486550032990582
00502,311.11506405,-1.45830901,STAR,,,,,,,,,,,,,,,,,,,0.0,2.8075,-10.739195416982655
00503,311.32654641,-1.2794215841,STAR,,,,,,,,,,,,,,,,,,,0.0,2.9225,1.1936619189427193
00504,311.20931055,-1.3475825833,STAR,,,,,,,,,,,,,,,,,,,0.0,2.8735,-45.699092385459586
00505,311.15083345,-1.4788186812,STAR,,,,,,,,,,,,,,,,,,,0.0,2.7925,-11.944645619628293
00506,311.117284,-1.606191395,STAR,,,,,,,,,,,,,,,,,,,0.0,2.8365,-10.114138231773675
00507,310.85488811,-1.8580729476,STAR,,,,,,,,,,,,,,,,,,,0.0,2.92,-16.019644674877355
00508,311.07200142,-1.7450970693,STAR,,,,,,,,,,,,,,,,,,,0.0,2.7435,-37.4985508051616
00509,310.96347306,-1.7209359031,STAR,,,,,,,,,,,,,,,,,,,0.0,2.8235,-11.393007486202233
00510,311.40280787,-1.5273927707,STAR,,,,,,,,,,,,,,,,,,,0.0,3.2345,75.10058188005152
00511,311.57422949,-1.9890700156,STAR,,,,,,,,,,,,,,,,,,,0.0,3.1479999999999997,-50.931319124858234
00512,310.71428256,-1.8798064693,STAR,,,,,,,,,,,,,,,,,,,0.0,3.013,11.884377537216293
00513,310.56150071,-1.5840835185,STAR,,,,,,,,,,,,,,,,,,,0.0,3.1405,-28.427338885925828
00514,311.14362863,-1.8461581463,STAR,,,,,,,,,,,,,,,,,,,0.0,2.7785,7.411380588557182
00515,311.23058185,-1.8870333783,STAR,,,,,,,,,,,,,,,,,,,0.0,2.9275,-24.239674277309863
00516,311.51678841,-1.8308446608,STAR,,,,,,,,,,,,,,,,,,,0.0,2.9795,-46.21987830302898
00517,311.14710356,-1.8433519949,STAR,,,,,,,,,,,,,,,,,,,0.0,2.7984999999999998,-7.557008910666109
00518,311.20171728,-1.8564825408,STAR,,,,,,,,,,,,,,,,,,,0.0,2.8289999999999997,-10.687258173969619
00519,311.12330245,-1.4296736394,STAR,,,,,,,,,,,,,,,,,,,0.0,2.8845,-11.143209643955853
00520,311.26861189,-1.392650195,STAR,,,,,,,,,,,,,,,,,,,0.0,2.908,47.214384244181495
00521,310.58514498,-1.474861502,STAR,,,,,,,,,,,,,,,,,,,0.0,3.19,-35.09840378441723
00522,310.71731525,-1.4282263772,STAR,,,,,,,,,,,,,,,,,,,0.0,3.0845000000000002,-19.377972540397113
00523,311.40193012,-2.096917658,STAR,,,,,,,,,,,,,,,,,,,0.0,3.0205,-36.73808653876072
00524,311.56439512,-2.1047091221,STAR,,,,,,,,,,,,,,,,,,,0.0,3.1475,-49.28358851944487
00525,311.65383857,-1.8488395172,STAR,,,,,,,,,,,,,,,,,,,0.0,3.1425,-32.07553001627799
00526,310.62617825,-1.8778527904,STAR,,,,,,,,,,,,,,,,,,,0.0,3.1135,-16.514829477160937
00527,311.2925126,-2.0398512147,STAR,,,,,,,,,,,,,,,,,,,0.0,2.933,-38.407976400738654
00528,310.57953986,-1.7708310826,STAR,,,,,,,,,,,,,,,,,,,0.0,3.0925000000000002,-29.81879570184906
00529,310.64464426,-1.7691968209,STAR,,,,,,,,,,,,,,,,,,,0.0,2.9635,-17.987658035554187
00530,311.21211472,-1.8069044937,STAR,,,,,,,,,,,,,,,,,,,0.0,2.809,-1.4556479069898036
00531,310.87192546,-1.7677467406,STAR,,,,,,,,,,,,,,,,,,,0.0,2.864,-19.813116457161755
00532,311.49720348,-1.2925654631,STAR,,,,,,,,,,,,,,,,,,,0.0,3.01,-49.54136797130592
00533,311.62566867,-2.0317828275,STAR,,,,,,,,,,,,,,,,,,,0.0,3.1639999999999997,-54.1926875826898
00534,310.65203943,-1.59278276,STAR,,,,,,,,,,,,,,,,,,,0.0,3.4770000000000003,-48.25573700863798
00535,311.42627599,-2.1440615718,STAR,,,,,,,,,,,,,,,,,,,0.0,3.115,12.634972098376116
00536,311.48907444,-1.6141138438,STAR,,,,,,,,,,,,,,,,,,,0.0,2.9375,-22.763681072999965
00537,311.18389223,-1.4382366606,STAR,,,,,,,,,,,,,,,,,,,0.0,2.7805,23.127969694026312
00538,310.80637071,-1.5824281643,STAR,,,,,,,,,,,,,,,,,,,0.0,2.8579999999999997,-40.60005775467294
00539,311.09396289,-1.7547497157,STAR,,,,,,,,,,,,,,,,,,,0.0,2.755,-25.537581370284446
00540,310.75433245,-1.7963907901,STAR,,,,,,,,,,,,,,,,,,,0.0,3.0255,-25.201641630902746
00541,311.3285026,-1.6101490057,STAR,,,,,,,,,,,,,,,,,,,0.0,2.822,9.284546625366707
00542,311.71602932,-1.62018742,STAR,,,,,,,,,,,,,,,,,,,0.0,2.981,-25.595410166740518
00543,311.24327741,-1.3112026628,STAR,,,,,,,,,,,,,,,,,,,0.0,2.866,-31.20540066391583
00544,310.78137121,-1.4758885059,STAR,,,,,,,,,,,,,,,,,,,0.0,3.0395,-20.648134033950623
00545,311.69552722,-1.6731803511,STAR,,,,,,,,,,,,,,,,,,,0.0,3.1065,-16.493599519692417
00546,311.59569325,-1.3208015211,STAR,,,,,,,,,,,,,,,,,,,0.0,2.987,-24.167238545877698
00547,311.37250587,-1.2822709907,STAR,,,,,,,,,,,,,,,,,,,0.0,2.9175,-6.124611336153266
00548,310.82383737,-1.5093104321,STAR,,,,,,,,,,,,,,,,,,,0.0,2.862,-32.334797930885046
00549,310.99031478,-2.0956708524,STAR,,,,,,,,,,,,,,,,,,,0.0,3.179,16.895444324253937
00550,311.2936139,-1.5074940986,STAR,,,,,,,,,,,,,,,,,,,0.0,2.814,-20.13591132079913
00551,310.77451272,-1.5057606623,STAR,,,,,,,,,,,,,,,,,,,0.0,2.8680000000000003,-19.393561645014064
00552,311.25185748,-1.3620019566,STAR,,,,,,,,,,,,,,,,,,,0.0,2.8775,-19.995079194261187
00553,311.1868741,-1.4355929621,STAR,,,,,,,,,,,,,,,,,,,0.0,2.7880000000000003,-2.7143733873180254
00554,310.8666209,-1.4737647511,STAR,,,,,,,,,,,,,,,,,,,0.0,2.9234999999999998,-11.138370962906679
00555,311.2326406,-1.9723263213,STAR,,,,,,,,,,,,,,,,,,,0.0,2.9225,-10.250384063232055
00556,310.82274446,-1.4141222933,STAR,,,,,,,,,,,,,,,,,,,0.0,3.0595,-3.1515185969895745
00557,310.79436321,-1.4575919242,STAR,,,,,,,,,,,,,,,,,,,0.0,2.9395,-16.906825825457098
00558,311.00138969,-2.1431472434,STAR,,,,,,,,,,,,,,,,,,,0.0,3.141,11.325237503638608
00559,311.05430437,-1.4374168813,STAR,,,,,,,,,,,,,,,,,,,0.0,2.9109999999999996,-38.95922724001811
00560,311.61095366,-1.7686245345,STAR,,,,,,,,,,,,,,,,,,,0.0,3.091,-42.60086348653438
00561,310.98660976,-2.0559267996,STAR,,,,,,,,,,,,,,,,,,,0.0,3.0075000000000003,10.417686640255816
00562,310.7779017,-1.825274952,STAR,,,,,,,,,,,,,,,,,,,0.0,2.9805,-14.488835442907574
00563,310.60170048,-1.8457559783,STAR,,,,,,,,,,,,,,,,,,,0.0,3.011,-0.8945859044659152
00564,310.63060611,-1.6873062774,STAR,,,,,,,,,,,,,,,,,,,0.0,3.002,-12.451973778601138
00565,311.31316621,-1.5466573655,STAR,,,,,,,,,,,,,,,,,,,0.0,2.8659999999999997,-31.537910873271976
00566,311.15865014,-1.5576444446,STAR,,,,,,,,,,,,,,,,,,,0.0,2.698,-24.82073283502028
00567,311.34671682,-1.4335463405,STAR,,,,,,,,,,,,,,,,,,,0.0,2.8185000000000002,-44.34724904167088
00568,311.35297954,-2.052617598,STAR,,,,,,,,,,,,,,,,,,,0.0,2.9595000000000002,-44.50220103898752
00569,311.52104875,-1.3436468789,STAR,,,,,,,,,,,,,,,,,,,0.0,2.8975,-32.52557852598613
00570,311.00066529,-1.9056900053,STAR,,,,,,,,,,,,,,,,,,,0.0,3.019,27.512376383702197
00571,310.99956822,-1.9013184575,STAR,,,,,,,,,,,,,,,,,,,0.0,2.9915000000000003,-9.003033631795422
00572,310.80510121,-1.9063706871,STAR,,,,,,,,,,,,,,,,,,,0.0,3.0415,5.952707486231131
00573,310.7344671,-2.1000693734,STAR,,,,,,,,,,,,,,,,,,,0.0,3.263,19.03950477637777
00574,310.727375,-2.1215655868,STAR,,,,,,,,,,,,,,,,,,,0.0,3.2915,-17.99804231485419
00575,311.57695888,-1.4397571481,STAR,,,,,,,,,,,,,,,,,,,0.0,2.9320000000000004,-24.415818256593017
00576,311.54161959,-1.8038527252,STAR,,,,,,,,,,,,,,,,,,,0.0,3.0735,3.9507098811809334
00577,311.14364055,-1.2590871325,STAR,,,,,,,,,,,,,,,,,,,0.0,2.9485,-26.623155385347196
00578,311.05588956,-2.1261744677,STAR,,,,,,,,,,,,,,,,,,,0.0,3.0665,1.081774084175435
00579,311.21233927,-1.9191383202,STAR,,,,,,,,,,,,,,,,,,,0.0,2.9154999999999998,-14.803333968266593
00580,310.94281674,-1.4811800241,STAR,,,,,,,,,,,,,,,,,,,0.0,2.941,7.620446678908051
00581,310.71859392,-1.2743310939,STAR,,,,,,,,,,,,,,,,,,,0.0,3.231,-59.259006436267505
00582,310.7599153,-1.9245204951,STAR,,,,,,,,,,,,,,,,,,,0.0,3.1165000000000003,-6.415362559736862
00583,311.55329662,-1.4242401396,STAR,,,,,,,,,,,,,,,,,,,0.0,2.9585,-21.898510446539614
00584,311.36596552,-1.9498999829,STAR,,,,,,,,,,,,,,,,,,,0.0,2.8855,-32.29219826178107
00585,310.65406925,-1.3873213666,STAR,,,,,,,,,,,,,,,,,,,0.0,3.1205,-36.31265981914649
00586,311.17591559,-1.7235504055,STAR,,,,,,,,,,,,,,,,,,,0.0,2.789,-20.278562361560123
00587,311.18405098,-1.6925042979,STAR,,,,,,,,,,,,,,,,,,,0.0,2.754,-36.13194572297369
00588,311.55599092,-1.3884604686,STAR,,,,,,,,,,,,,,,,,,,0.0,2.9565,-41.41592445763546
00589,311.38819836,-1.5103576397,STAR,,,,,,,,,,,,,,,,,,,0.0,2.902,-31.47656771512817
00590,311.1443403,-1.416183304,STAR,,,,,,,,,,,,,,,,,,,0.0,2.7785,3.0417588701051708
00591,311.60889908,-1.9280809638,STAR,,,,,,,,,,,,,,,,,,,0.0,3.1925,-48.791781611631876
00592,310.99607334,-1.6108675458,STAR,,,,,,,,,,,,,,,,,,,0.0,2.794,-28.039152943789908
00593,311.18412571,-1.6587189749,STAR,,,,,,,,,,,,,,,,,,,0.0,2.7735,-37.932903018336155
00594,311.1808089,-1.7528810692,STAR,,,,,,,,,,,,,,,,,,,0.0,2.719,-22.54814298196577
00595,311.4791831,-1.8403529454,STAR,,,,,,,,,,,,,,,,,,,0.0,2.9915000000000003,-31.2539840137617
00596,311.59979325,-1.8870873341,STAR,,,,,,,,,,,,,,,,,,,0.0,3.1585,-39.67146280381714
00597,311.50528149,-1.3501971178,STAR,,,,,,,,,,,,,,,,,,,0.0,2.982,-17.198183932670567
00598,311.50608247,-1.3426940125,STAR,,,,,,,,,,,,,,,,,,,0.0,2.932,-7.819253008887153
00599,311.30475077,-2.0526010754,STAR,,,,,,,,,,,,,,,,,,,0.0,2.924,-22.84153562940051
00600,310.71859794,-2.104667732,STAR,,,,,,,,,,,,,,,,,,,0.0,3.255,-10.052704136566545
00601,311.69328091,-1.5074548755,STAR,,,,,,,,,,,,,,,,,,,0.0,2.9865000000000004,-4.7606451910637215
00602,310.76523602,-1.4049145626,STAR,,,,,,,,,,,,,,,,,,,0.0,3.018,-12.12366757045908
00603,311.03546299,-2.152320133,STAR,,,,,,,,,,,,,,,,,,,0.0,2.747,-2.0210871972727227
00604,310.89351954,-1.4373869521,STAR,,,,,,,,,,,,,,,,,,,0.0,2.8235,3.983278950564284
00605,311.22349324,-1.8797546881,STAR,,,,,,,,,,,,,,,,,,,0.0,2.98,1.6156419606648786
00606,311.13095999,-1.6015386769,STAR,,,,,,,,,,,,,,,,,,,0.0,2.8,-4.413202958327906
00607,310.75217489,-1.3241462501,STAR,,,,,,,,,,,,,,,,,,,0.0,3.0535,-26.64986292332038
00608,311.67937375,-1.8191298771,STAR,,,,,,,,,,,,,,,,,,,0.0,3.127,-44.739791248088366
00609,311.69910382,-1.6721548578,STAR,,,,,,,,,,,,,,,,,,,0.0,3.114,-19.030802032758686
00610,311.28635919,-1.6693395387,STAR,,,,,,,,,,,,,,,,,,,0.0,2.88,-32.12877200397585
00611,310.92971649,-1.6284735223,STAR,,,,,,,,,,,,,,,,,,,0.0,2.915,-25.932453870744745
00612,311.65946122,-1.9798466308,STAR,,,,,,,,,,,,,,,,,,,0.0,3.13,-44.54178748402993
00613,311.14813429,-1.9410720816,STAR,,,,,,,,,,,,,,,,,,,0.0,2.9690000000000003,0.5085763944393072
00614,311.1453172,-1.9395938065,STAR,,,,,,,,,,,,,,,,,,,0.0,2.9605,-23.97262444567822
00615,310.85518782,-1.9214349088,STAR,,,,,,,,,,,,,,,,,,,0.0,3.0265000000000004,7.5649568028591165
00616,310.7559067,-2.0974155956,STAR,,,,,,,,,,,,,,,,,,,0.0,3.207,-4.901142795560272
00617,310.73818807,-2.1005131059,STAR,,,,,,,,,,,,,,,,,,,0.0,3.2625,8.398685601157343
00618,310.63987433,-1.9686169355,STAR,,,,,,,,,,,,,,,,,,,0.0,3.0895,0.4231660573186231
00619,310.76483121,-2.0777116395,STAR,,,,,,,,,,,,,,,,,,,0.0,3.199,17.59378350296161
00620,311.58859356,-1.8875535183,STAR,,,,,,,,,,,,,,,,,,,0.0,3.1189999999999998,-1.9604489050563327
00621,311.252673,-2.0272405229,STAR,,,,,,,,,,,,,,,,,,,0.0,2.924,-17.77814694461393
00622,310.96826622,-2.1246081995,STAR,,,,,,,,,,,,,,,,,,,0.0,3.1355,3.4441176282547628
00623,311.17629262,-1.8373335055,STAR,,,,,,,,,,,,,,,,,,,0.0,2.788,-26.026622410327615
00624,310.68522443,-1.8083022024,STAR,,,,,,,,,,,,,,,,,,,0.0,3.0084999999999997,-25.387892894421253
00625,311.61141279,-1.8829383843,STAR,,,,,,,,,,,,,,,,,,,0.0,3.1235,-42.800696340150886
00626,310.69310593,-1.7433206532,STAR,,,,,,,,,,,,,,,,,,,0.0,3.0309999999999997,-14.809319183881081
00627,310.71707417,-1.7288186988,STAR,,,,,,,,,,,,,,,,,,,0.0,3.5705,81.41524227160228
00628,311.61617165,-1.6980780412,STAR,,,,,,,,,,,,,,,,,,,0.0,2.9989999999999997,-8.76205090182621
00629,311.13087298,-1.6855745304,STAR,,,,,,,,,,,,,,,,,,,0.0,2.8120000000000003,-0.40088958059872093
00630,311.2925378,-1.7391914856,STAR,,,,,,,,,,,,,,,,,,,0.0,2.8994999999999997,73.5041423477412
00631,311.36381221,-1.3236780748,STAR,,,,,,,,,,,,,,,,,,,0.0,2.9465,1.718461256070343
00632,311.41495536,-2.1390834528,STAR,,,,,,,,,,,,,,,,,,,0.0,3.161,-38.65178735159501
00633,311.2710161,-1.3993888068,STAR,,,,,,,,,,,,,,,,,,,0.0,2.894,-19.79344477310925
00634,311.69559999,-1.7514684986,STAR,,,,,,,,,,,,,,,,,,,0.0,3.127,-24.671271162767656
00635,310.87883344,-1.8245912436,STAR,,,,,,,,,,,,,,,,,,,0.0,2.9135,-29.415715982742345
00636,310.80273197,-1.4705306995,STAR,,,,,,,,,,,,,,,,,,,0.0,2.982,3.9110214922477335
00637,310.65653173,-1.366039539,STAR,,,,,,,,,,,,,,,,,,,0.0,3.095,-58.40348942449975
00638,311.3472228,-1.3698454268,STAR,,,,,,,,,,,,,,,,,,,0.0,2.8834999999999997,-6.405306542423173
00639,311.60234073,-1.6013283619,STAR,,,,,,,,,,,,,,,,,,,0.0,2.9219999999999997,-15.995222817908488
00640,311.23239258,-1.5190543041,STAR,,,,,,,,,,,,,,,,,,,0.0,2.8095,-21.961329362372346
00641,310.75472333,-1.5535804572,STAR,,,,,,,,,,,,,,,,,,,0.0,2.987,-57.92967087159745
00642,311.30314698,-1.5937893263,STAR,,,,,,,,,,,,,,,,,,,0.0,2.8205,-41.97725361235464
00643,311.22372739,-1.5582360222,STAR,,,,,,,,,,,,,,,,,,,0.0,2.7165,1.9033892372690615
00644,310.70529658,-1.7627885277,STAR,,,,,,,,,,,,,,,,,,,0.0,3.024,-3.711573943806408
00645,310.77763791,-1.7633013688,STAR,,,,,,,,,,,,,,,,,,,0.0,3.0265,12.162796236112907
00646,310.64243502,-1.75479272,STAR,,,,,,,,,,,,,,,,,,,0.0,3.2664999999999997,-40.542953483201934
00647,311.01676615,-1.9065646947,STAR,,,,,,,,,,,,,,,,,,,0.0,3.442,-10.645340823367588
00648,311.25393563,-1.5079015118,STAR,,,,,,,,,,,,,,,,,,,0.0,2.859,-32.2065881421384
00649,311.21572801,-1.3983387308,STAR,,,,,,,,,,,,,,,,,,,0.0,2.8695,-26.74720645752204
00650,311.01884956,-1.5004193987,STAR,,,,,,,,,,,,,,,,,,,0.0,2.6814999999999998,-13.060113039269021
00651,311.23831693,-1.4797230893,STAR,,,,,,,,,,,,,,,,,,,0.0,2.7875,-25.72599819546105
00652,310.60719047,-1.4665031347,STAR,,,,,,,,,,,,,,,,,,,0.0,3.1075,-20.373516354744684
00653,311.41435871,-1.346726104,STAR,,,,,,,,,,,,,,,,,,,0.0,2.909,-2.775408759049099
00654,311.28482759,-1.2753425139,STAR,,,,,,,,,,,,,,,,,,,0.0,2.944,-18.167975662928892
00655,311.13104573,-1.5823646054,STAR,,,,,,,,,,,,,,,,,,,0.0,2.7880000000000003,-37.6898802745985
00656,310.782714,-1.7501823774,STAR,,,,,,,,,,,,,,,,,,,0.0,2.9175,-35.72011005662824
00657,311.05022706,-1.5399023336,STAR,,,,,,,,,,,,,,,,,,,0.0,2.8875,4.527721913389642
00658,311.12798829,-1.326909148,STAR,,,,,,,,,,,,,,,,,,,0.0,2.9,-25.28865220033232
00659,310.98146872,-1.7547541299,STAR,,,,,,,,,,,,,,,,,,,0.0,2.742,-31.688510854838928
00660,311.18318631,-1.3491102693,STAR,,,,,,,,,,,,,,,,,,,0.0,2.854,-19.829448301158312
00661,311.54253004,-1.8692831845,STAR,,,,,,,,,,,,,,,,,,,0.0,2.9779999999999998,1.4214666540004135
00662,311.20722171,-1.2735405764,STAR,,,,,,,,,,,,,,,,,,,0.0,2.9065,-27.592083378512086
00663,310.61846171,-1.9911355228,STAR,,,,,,,,,,,,,,,,,,,0.0,3.142,-2.1069084523853494
00664,310.71575042,-2.1186135456,STAR,,,,,,,,,,,,,,,,,,,0.0,3.2394999999999996,5.284999887573112
00665,311.0140419,-1.5055084042,STAR,,,,,,,,,,,,,,,,,,,0.0,2.7095000000000002,-9.861785309197176
00666,311.43629867,-1.6158542647,STAR,,,,,,,,,,,,,,,,,,,0.0,2.9735,23.278902902015677
00667,310.82085703,-2.1567105357,STAR,,,,,,,,,,,,,,,,,,,0.0,3.3529999999999998,-27.962136061216412
00668,310.81858803,-2.06251428,STAR,,,,,,,,,,,,,,,,,,,0.0,3.1685,22.09700406578692
00669,311.12675169,-2.088871186,STAR,,,,,,,,,,,,,,,,,,,0.0,2.92,-30.079675462054183
00670,310.81073436,-2.0800800627,STAR,,,,,,,,,,,,,,,,,,,0.0,3.17,16.338637986028292
00671,310.93742875,-2.07906923,STAR,,,,,,,,,,,,,,,,,,,0.0,3.0845000000000002,13.406716399942525
00672,310.87675211,-2.1460560212,STAR,,,,,,,,,,,,,,,,,,,0.0,3.1135,-4.899557990603009
00673,310.85333468,-2.1566109553,STAR,,,,,,,,,,,,,,,,,,,0.0,3.779,-18.93302914095316
00674,311.65781254,-1.9697148855,STAR,,,,,,,,,,,,,,,,,,,0.0,3.161,-46.73433540295036
00675,311.3160862,-2.1383970847,STAR,,,,,,,,,,,,,,,,,,,0.0,2.998,-9.349974416968047
00676,311.4486447,-1.7846250125,STAR,,,,,,,,,,,,,,,,,,,0.0,2.863,2.477737633084655
00677,310.76708971,-1.6896704948,STAR,,,,,,,,,,,,,,,,,,,0.0,2.9565,-10.566566993736851
00678,311.39645087,-1.2755637809,STAR,,,,,,,,,,,,,,,,,,,0.0,2.9135,-26.381331707769192
00679,310.94622597,-1.7098575747,STAR,,,,,,,,,,,,,,,,,,,0.0,2.973,-61.827182280823
00680,311.38750654,-1.6346747237,STAR,,,,,,,,,,,,,,,,,,,0.0,3.2205000000000004,54.015487116757654
00681,310.91702305,-2.0216727781,STAR,,,,,,,,,,,,,,,,,,,0.0,3.005,17.06069590670516
00682,311.21454059,-1.9630167424,STAR,,,,,,,,,,,,,,,,,,,0.0,2.9005,-4.480575142721486
00683,311.39983617,-1.8964428051,STAR,,,,,,,,,,,,,,,,,,,0.0,2.872,-27.01000526938234
00684,311.1656938,-1.8549648368,STAR,,,,,,,,,,,,,,,,,,,0.0,2.9314999999999998,-6.122558056762477
00685,311.13647732,-1.8436700349,STAR,,,,,,,,,,,,,,,,,,,0.0,2.7795,-7.703532695666886
00686,311.51714764,-1.4571648123,STAR,,,,,,,,,,,,,,,,,,,0.0,3.3135,-53.30707020775628
00687,310.90236354,-1.8077733675,STAR,,,,,,,,,,,,,,,,,,,0.0,3.2889999999999997,33.68269525426026
00688,310.77437465,-1.9294281318,STAR,,,,,,,,,,,,,,,,,,,0.0,2.9975,8.876053991249496
00689,311.40672416,-1.8856866173,STAR,,,,,,,,,,,,,,,,,,,0.0,2.902,-2.3959120939067753
00690,311.490418,-1.8084050032,STAR,,,,,,,,,,,,,,,,,,,0.0,2.9135,2.097898245338703
00691,311.10051183,-1.3687317895,STAR,,,,,,,,,,,,,,,,,,,0.0,3.315,42.804970845684956
00692,311.27809477,-1.4351306119,STAR,,,,,,,,,,,,,,,,,,,0.0,2.9445,-34.55580126461025
00693,311.25012604,-1.8050401892,STAR,,,,,,,,,,,,,,,,,,,0.0,2.7504999999999997,-28.65902829231907
00694,311.66106139,-1.8075946842,STAR,,,,,,,,,,,,,,,,,,,0.0,3.187,-54.88875268153329
00695,311.04563985,-1.7998360762,STAR,,,,,,,,,,,,,,,,,,,0.0,2.8325,12.894192601645138
00696,310.81968193,-1.331926592,STAR,,,,,,,,,,,,,,,,,,,0.0,3.029,-12.192077185681141
00697,311.22334826,-1.2746899511,STAR,,,,,,,,,,,,,,,,,,,0.0,2.9545000000000003,-20.00450080425312
00698,311.39274158,-1.801828128,STAR,,,,,,,,,,,,,,,,,,,0.0,2.8585000000000003,-3.6993944861440586
00699,311.08898081,-1.45155758,STAR,,,,,,,,,,,,,,,,,,,0.0,2.873,-8.08550750694373
00700,311.567591,-1.4637297479,STAR,,,,,,,,,,,,,,,,,,,0.0,2.9005,7.915279761005193
00701,311.07050259,-1.5129833007,STAR,,,,,,,,,,,,,,,,,,,0.0,2.8585,-4.962979230699693
00702,311.46955978,-1.5038908315,STAR,,,,,,,,,,,,,,,,,,,0.0,2.9335,-4.4034171698539595
00703,310.59792324,-1.7725831239,STAR,,,,,,,,,,,,,,,,,,,0.0,3.019,-19.325657660502436
00704,311.20239185,-1.7812292763,STAR,,,,,,,,,,,,,,,,,,,0.0,2.738,-21.84580252187434
00705,311.60867048,-1.6341905171,STAR,,,,,,,,,,,,,,,,,,,0.0,2.9965,-9.750438226957193
00706,311.54934218,-1.6789813067,STAR,,,,,,,,,,,,,,,,,,,0.0,2.9035,-2.283286909824268
00707,311.16080905,-1.5212811665,STAR,,,,,,,,,,,,,,,,,,,0.0,2.732,6.42317457760514
00708,310.83813725,-1.9601382886,STAR,,,,,,,,,,,,,,,,,,,0.0,3.399,13.040992396657897
00709,311.41538787,-2.0269294849,STAR,,,,,,,,,,,,,,,,,,,0.0,2.9855,-31.349353754725996
00710,310.78728117,-1.2592136513,STAR,,,,,,,,,,,,,,,,,,,0.0,3.195,-1.3529213245735654
00711,311.4811738,-1.9335081969,STAR,,,,,,,,,,,,,,,,,,,0.0,3.1239999999999997,-39.065113301650285
00712,311.03687437,-1.3035145261,STAR,,,,,,,,,,,,,,,,,,,0.0,2.9615,12.771137668358515
00713,310.993054,-1.3137370368,STAR,,,,,,,,,,,,,,,,,,,0.0,2.9675000000000002,-12.261660751664712
00714,311.0559794,-1.2869746055,STAR,,,,,,,,,,,,,,,,,,,0.0,2.952,-4.846892731760401
00715,311.54835509,-1.3777844369,STAR,,,,,,,,,,,,,,,,,,,0.0,2.873,-18.276944964530248
00716,311.57474693,-1.396484459,STAR,,,,,,,,,,,,,,,,,,,0.0,2.9095,-25.881026410557528
00717,311.46560805,-1.3777035662,STAR,,,,,,,,,,,,,,,,,,,0.0,2.847,-28.229783818532557
00718,311.45670127,-1.4390804769,STAR,,,,,,,,,,,,,,,,,,,0.0,2.846,-20.26513445579592
00719,311.01858875,-1.8827927814,STAR,,,,,,,,,,,,,,,,,,,0.0,2.8765,8.296132835447164
00720,311.53714126,-1.4250527457,STAR,,,,,,,,,,,,,,,,,,,0.0,2.895,-18.15591266769414
00721,311.16057878,-1.7852308828,STAR,,,,,,,,,,,,,,,,,,,0.0,2.7960000000000003,-31.60303994477904
00722,310.84348594,-1.5450043729,STAR,,,,,,,,,,,,,,,,,,,0.0,2.9859999999999998,-32.88982830381988
00723,311.02530813,-1.717455243,STAR,,,,,,,,,,,,,,,,,,,0.0,2.7325,-0.7447501233670054
00724,311.65105762,-1.7608642174,STAR,,,,,,,,,,,,,,,,,,,0.0,3.056,-11.390503184994357
00725,310.90007888,-1.8156627726,STAR,,,,,,,,,,,,,,,,,,,0.0,2.9015000000000004,-13.408793401255698
00726,310.7090215,-1.7979125954,STAR,,,,,,,,,,,,,,,,,,,0.0,3.075,-6.898734133531235
00727,311.21969708,-1.8693702322,STAR,,,,,,,,,,,,,,,,,,,0.0,2.9859999999999998,5.614734516290199
00728,311.08229776,-1.7918146618,STAR,,,,,,,,,,,,,,,,,,,0.0,2.743,-36.50643946607846
00729,310.81575328,-1.7227221034,STAR,,,,,,,,,,,,,,,,,,,0.0,2.952,-34.67082838817016
00730,311.43676271,-1.7927804607,STAR,,,,,,,,,,,,,,,,,,,0.0,2.8585000000000003,-28.513492619672217
00731,310.66974181,-2.0742722434,STAR,,,,,,,,,,,,,,,,,,,0.0,3.2105,-0.8946464021513164
00732,311.11890216,-2.098106514,STAR,,,,,,,,,,,,,,,,,,,0.0,3.0229999999999997,6.823966105292537
00733,310.78278211,-2.1040278434,STAR,,,,,,,,,,,,,,,,,,,0.0,3.2045000000000003,18.138632791985074
00734,310.86655447,-2.1038019387,STAR,,,,,,,,,,,,,,,,,,,0.0,3.1275,20.086438488650494
00735,311.40936701,-2.1569453507,STAR,,,,,,,,,,,,,,,,,,,0.0,,
00736,310.70902203,-2.1263954242,STAR,,,,,,,,,,,,,,,,,,,0.0,3.281,-8.299507516575394
00737,311.31312711,-2.1053711539,STAR,,,,,,,,,,,,,,,,,,,0.0,3.009,-22.28230786087075
00738,311.50064922,-2.1050453418,STAR,,,,,,,,,,,,,,,,,,,0.0,3.0555,-41.883383282591474
00739,311.27609183,-1.9993507417,STAR,,,,,,,,,,,,,,,,,,,0.0,2.893,-34.352875220943865
00740,311.49329704,-1.5265999446,STAR,,,,,,,,,,,,,,,,,,,0.0,2.806,4.544333606032715
00741,311.20030958,-1.5352984556,STAR,,,,,,,,,,,,,,,,,,,0.0,2.7595,-7.004487782117727
00742,311.51242541,-1.5838007061,STAR,,,,,,,,,,,,,,,,,,,0.0,2.6820000000000004,-1.363307674749059
00743,311.17313886,-1.6057122947,STAR,,,,,,,,,,,,,,,,,,,0.0,2.7255000000000003,7.962717095141883
00744,311.62126647,-1.6008713074,STAR,,,,,,,,,,,,,,,,,,,0.0,2.92,-27.344671584535348
00745,311.66282686,-1.5850374562,STAR,,,,,,,,,,,,,,,,,,,0.0,2.9684999999999997,-28.31020655592007
00746,311.40136604,-1.5836663786,STAR,,,,,,,,,,,,,,,,,,,0.0,2.8535,-10.491747143983073
00747,311.54928539,-1.9892208743,STAR,,,,,,,,,,,,,,,,,,,0.0,3.023,-44.06091252023479
00748,311.56161157,-2.0167167689,STAR,,,,,,,,,,,,,,,,,,,0.0,3.0575,-32.50442302626719
00749,311.43378974,-1.9671819435,STAR,,,,,,,,,,,,,,,,,,,0.0,2.941,-22.937960053492642
00750,311.38376729,-1.9064997641,STAR,,,,,,,,,,,,,,,,,,,0.0,2.9185,-39.43094839724152
00751,310.77017834,-1.5651741289,STAR,,,,,,,,,,,,,,,,,,,0.0,2.9204999999999997,-29.513522160562317
00752,310.66068329,-1.4248454442,STAR,,,,,,,,,,,,,,,,,,,0.0,3.026,-29.618950152097693
00753,310.90898515,-1.2671159671,STAR,,,,,,,,,,,,,,,,,,,0.0,2.997,-8.857437927848354
00754,311.43671914,-1.5239211306,STAR,,,,,,,,,,,,,,,,,,,0.0,3.073,-4.960562779079264
00755,311.16784844,-1.8604439744,STAR,,,,,,,,,,,,,,,,,,,0.0,2.9245,54.25281488379322
00756,311.28065541,-1.9215714117,STAR,,,,,,,,,,,,,,,,,,,0.0,2.903,-23.004268347985015
00757,311.48899144,-1.7789748898,STAR,,,,,,,,,,,,,,,,,,,0.0,2.987,-29.909179011467575
00758,310.82039103,-1.7923314544,STAR,,,,,,,,,,,,,,,,,,,0.0,2.941,-33.286509878724665
00759,311.31929685,-1.9557178688,STAR,,,,,,,,,,,,,,,,,,,0.0,2.9160000000000004,-32.624602279395596
00760,311.15010447,-1.4506868777,STAR,,,,,,,,,,,,,,,,,,,0.0,2.77,8.266513289746865
00761,311.56750152,-2.0900016361,STAR,,,,,,,,,,,,,,,,,,,0.0,3.1675,-57.6944533549905
00762,311.44704418,-1.2640361297,STAR,,,,,,,,,,,,,,,,,,,0.0,2.9415,-20.751301798559922
00763,310.90294291,-1.8149370846,STAR,,,,,,,,,,,,,,,,,,,0.0,2.9405,-13.23434735521424
00764,311.30977031,-1.7976117621,STAR,,,,,,,,,,,,,,,,,,,0.0,2.936,8.830719424596536
00765,310.77894723,-1.8280682727,STAR,,,,,,,,,,,,,,,,,,,0.0,2.9595000000000002,-18.646476616528002
00766,311.53621606,-1.7669512104,STAR,,,,,,,,,,,,,,,,,,,0.0,2.9924999999999997,-11.214275064825154
00767,310.94451374,-1.9198511869,STAR,,,,,,,,,,,,,,,,,,,0.0,3.107,-24.994119090343375
00768,310.67557821,-1.9049380462,STAR,,,,,,,,,,,,,,,,,,,0.0,3.0195,7.377458956908264
00769,310.6256589,-1.8387596978,STAR,,,,,,,,,,,,,,,,,,,0.0,3.069,-9.246538293233646
00770,310.75903582,-1.3832551113,STAR,,,,,,,,,,,,,,,,,,,0.0,3.0465,-49.29138579349632
00771,310.78890155,-1.8602282891,STAR,,,,,,,,,,,,,,,,,,,0.0,3.0295,-9.659574497699309
00772,310.68544449,-1.8214289024,STAR,,,,,,,,,,,,,,,,,,,0.0,3.386,0.4850968455752757
00773,311.41993559,-1.3481402985,STAR,,,,,,,,,,,,,,,,,,,0.0,2.8535,-35.75283593280663
00774,311.36802091,-1.3541587786,STAR,,,,,,,,,,,,,,,,,,,0.0,2.809,-10.033510218354106
00775,311.45530874,-1.271161623,STAR,,,,,,,,,,,,,,,,,,,0.0,2.9109999999999996,-21.01065235342753
00776,311.3031787,-1.277812027,STAR,,,,,,,,,,,,,,,,,,,0.0,2.9210000000000003,-53.954675374348284
00777,311.25158787,-2.1316341765,STAR,,,,,,,,,,,,,,,,,,,0.0,3.0395,19.46430921646138
00778,310.61452691,-1.8075658451,STAR,,,,,,,,,,,,,,,,,,,0.0,3.109,-5.67264813858627
00779,310.94032805,-1.6230886293,STAR,,,,,,,,,,,,,,,,,,,0.0,2.8565,-7.521316853426433
00780,310.65619022,-2.0360372663,STAR,,,,,,,,,,,,,,,,,,,0.0,3.1685,21.165306289130193
00781,311.42907203,-1.4787739591,STAR,,,,,,,,,,,,,,,,,,,0.0,3.0055,29.92714762807199
00782,311.14779794,-1.4961800472,STAR,,,,,,,,,,,,,,,,,,,0.0,2.8125,-27.606738130247642
00783,311.44836122,-1.5026330931,STAR,,,,,,,,,,,,,,,,,,,0.0,2.917,-32.801163373965586
00784,311.199658,-1.5038686684,STAR,,,,,,,,,,,,,,,,,,,0.0,2.7795,-7.082348326625291
00785,311.37318941,-1.5038831963,STAR,,,,,,,,,,,,,,,,,,,0.0,2.7874999999999996,8.185021275645314
00786,311.04260104,-1.5129115453,STAR,,,,,,,,,,,,,,,,,,,0.0,2.673,-28.41200913908279
00787,311.63926662,-1.5254763817,STAR,,,,,,,,,,,,,,,,,,,0.0,2.908,-1.9168705233275025
00788,311.08399953,-1.5461628713,STAR,,,,,,,,,,,,,,,,,,,0.0,2.7935,-21.969854331439148
00789,311.32835277,-1.5497647022,STAR,,,,,,,,,,,,,,,,,,,0.0,2.8175,-6.206485933640632
00790,311.40665333,-1.5849889041,STAR,,,,,,,,,,,,,,,,,,,0.0,2.7809999999999997,-23.59620216729229
00791,311.09414537,-1.6021135031,STAR,,,,,,,,,,,,,,,,,,,0.0,2.8395,-31.249609898430492
00792,311.52467478,-1.6050755372,STAR,,,,,,,,,,,,,,,,,,,0.0,2.907,-5.538729870307816
00793,311.35834522,-1.616515375,STAR,,,,,,,,,,,,,,,,,,,0.0,2.743,-20.004915074084238
00794,311.08658896,-1.6177164762,STAR,,,,,,,,,,,,,,,,,,,0.0,2.8385,-27.352550968325854
00795,311.57163302,-1.622502501,STAR,,,,,,,,,,,,,,,,,,,0.0,2.9059999999999997,-21.38120103339577
00796,311.52235225,-1.6256158256,STAR,,,,,,,,,,,,,,,,,,,0.0,2.95,1.9589477111327604
00797,311.55230339,-1.6463300574,STAR,,,,,,,,,,,,,,,,,,,0.0,2.8785,-10.59695835832053
00798,311.64282431,-1.659602261,STAR,,,,,,,,,,,,,,,,,,,0.0,3.031,-53.26577262436633
00799,311.05969043,-1.6632238068,STAR,,,,,,,,,,,,,,,,,,,0.0,2.7285000000000004,0.15147854503087566
00800,311.1047832,-1.6653069282,STAR,,,,,,,,,,,,,,,,,,,0.0,2.8659999999999997,-37.55986112696576
00801,311.62931945,-1.6900202691,STAR,,,,,,,,,,,,,,,,,,,0.0,2.974,-10.541764040843262
00802,311.58568066,-1.7134284013,STAR,,,,,,,,,,,,,,,,,,,0.0,2.8945,-2.8662493470022885
00803,311.06380198,-1.715138662,STAR,,,,,,,,,,,,,,,,,,,0.0,2.722,-10.981685477314901
00804,311.33044558,-1.7198419293,STAR,,,,,,,,,,,,,,,,,,,0.0,2.801,-14.747299280643073
00805,311.49404862,-1.9306589409,STAR,,,,,,,,,,,,,,,,,,,0.0,2.963,-45.43300924831152
00806,311.70252401,-1.9320704983,STAR,,,,,,,,,,,,,,,,,,,0.0,3.2295,-40.236539099401746
00807,311.40153247,-1.9376010426,STAR,,,,,,,,,,,,,,,,,,,0.0,2.8970000000000002,-42.296716068910165
00808,311.13065803,-1.9524757719,STAR,,,,,,,,,,,,,,,,,,,0.0,2.863,-8.264885489325112
00809,310.87198954,-1.9548970739,STAR,,,,,,,,,,,,,,,,,,,0.0,2.9825,-0.5788889780244838
00810,311.19237651,-1.9568576509,STAR,,,,,,,,,,,,,,,,,,,0.0,2.878,-36.79559000687017
00811,311.03898173,-1.9670934847,STAR,,,,,,,,,,,,,,,,,,,0.0,2.928,7.940165708193882
00812,311.15559702,-1.9757966242,STAR,,,,,,,,,,,,,,,,,,,0.0,2.825,13.562637521811588
00813,310.9229663,-1.9933764167,STAR,,,,,,,,,,,,,,,,,,,0.0,2.9955,13.373448382642884
00814,311.42292285,-2.0022274405,STAR,,,,,,,,,,,,,,,,,,,0.0,2.864,-24.837451581072006
00815,310.8630623,-2.0033265541,STAR,,,,,,,,,,,,,,,,,,,0.0,3.043,9.33604955698959
00816,311.66619386,-2.0012659609,STAR,,,,,,,,,,,,,,,,,,,0.0,3.191,-53.60904831269847
00817,311.57539727,-2.0083678134,STAR,,,,,,,,,,,,,,,,,,,0.0,3.0404999999999998,-45.13940519254544
00818,311.66722226,-2.0102524603,STAR,,,,,,,,,,,,,,,,,,,0.0,3.1955,-45.15705745543277
00819,311.13629367,-2.03350883,STAR,,,,,,,,,,,,,,,,,,,0.0,2.8674999999999997,-13.533034079691415
00820,311.63232466,-2.041504005,STAR,,,,,,,,,,,,,,,,,,,0.0,3.1605,-48.29320661955504
00821,311.09006146,-2.0489077419,STAR,,,,,,,,,,,,,,,,,,,0.0,2.9109999999999996,19.091473526109265
00822,311.51155834,-2.0498142174,STAR,,,,,,,,,,,,,,,,,,,0.0,2.9695,-46.87370546665894
00823,311.6085145,-2.060800075,STAR,,,,,,,,,,,,,,,,,,,0.0,3.0789999999999997,-48.90806710920393
00824,311.02071648,-2.0791690798,STAR,,,,,,,,,,,,,,,,,,,0.0,2.974,24.498612309671817
00825,311.2525359,-2.0800988655,STAR,,,,,,,,,,,,,,,,,,,0.0,2.948,-20.617044097693917
00826,311.58707267,-2.0964453003,STAR,,,,,,,,,,,,,,,,,,,0.0,3.0915,-51.16531700400038
00827,311.66605896,-1.4519546121,STAR,,,,,,,,,,,,,,,,,,,0.0,2.9885,-24.62419440609985
00828,311.68589296,-1.456478328,STAR,,,,,,,,,,,,,,,,,,,0.0,2.9989999999999997,-5.603668191782459
00829,311.06313878,-1.4658559217,STAR,,,,,,,,,,,,,,,,,,,0.0,2.771,-46.09385555025459
00830,311.52664261,-2.1072433896,STAR,,,,,,,,,,,,,,,,,,,0.0,3.052,-40.66006551515595
00831,311.3739122,-1.6171062647,STAR,,,,,,,,,,,,,,,,,,,0.0,3.193,7.977319735511142
00832,311.37020557,-1.6153926312,STAR,,,,,,,,,,,,,,,,,,,0.0,2.943,41.549232960509784
00833,310.89939009,-1.7341927239,STAR,,,,,,,,,,,,,,,,,,,0.0,2.7809999999999997,-29.70830360650945
00834,310.55828315,-1.7892130873,STAR,,,,,,,,,,,,,,,,,,,0.0,3.0614999999999997,-10.918907978030385
00835,310.77863735,-2.120051837,STAR,,,,,,,,,,,,,,,,,,,0.0,3.2009999999999996,4.534542237961898
00836,310.77725344,-1.7253845291,STAR,,,,,,,,,,,,,,,,,,,0.0,2.8745000000000003,-29.780351734744624
00837,310.85295516,-1.67244517,STAR,,,,,,,,,,,,,,,,,,,0.0,2.803,-7.892787408046399
00838,310.80778247,-1.716822259,STAR,,,,,,,,,,,,,,,,,,,0.0,2.9245,-14.74029795720739
00839,311.36655885,-2.1401127215,STAR,,,,,,,,,,,,,,,,,,,0.0,3.197,12.941206361318317
00840,310.57298504,-1.7739805203,STAR,,,,,,,,,,,,,,,,,,,0.0,3.0625,-17.510849731511826
00841,310.62940891,-1.4551499779,STAR,,,,,,,,,,,,,,,,,,,0.0,3.0469999999999997,-45.7681558839044
00842,310.72401208,-1.4607003174,STAR,,,,,,,,,,,,,,,,,,,0.0,2.958,-19.34325023019154
00843,310.68722147,-1.9885426979,STAR,,,,,,,,,,,,,,,,,,,0.0,3.2365000000000004,2.3000300249195993
00844,310.81143423,-1.9763166875,STAR,,,,,,,,,,,,,,,,,,,0.0,3.0435,17.81169478725
00845,310.67163801,-2.0077649649,STAR,,,,,,,,,,,,,,,,,,,0.0,3.1645,-0.641378779184914
00846,310.79010486,-2.0373359508,STAR,,,,,,,,,,,,,,,,,,,0.0,3.122,3.81702757204245
00847,310.56768393,-1.5040045282,STAR,,,,,,,,,,,,,,,,,,,0.0,3.349,-71.54705675053616
00848,310.85272932,-1.4902147691,STAR,,,,,,,,,,,,,,,,,,,0.0,2.9335,-32.42174393495568
00849,310.58964375,-1.6802227179,STAR,,,,,,,,,,,,,,,,,,,0.0,3.0795,-25.148627898814464
00850,310.95696715,-1.3722137911,STAR,,,,,,,,,,,,,,,,,,,0.0,3.0605,51.77444951199102
00851,310.61121568,-1.7496827165,STAR,,,,,,,,,,,,,,,,,,,0.0,3.0595,-12.060523241015517
00852,310.97183747,-1.3460145734,STAR,,,,,,,,,,,,,,,,,,,0.0,2.862,-20.392942650735673
00853,311.11723955,-2.1541620341,STAR,,,,,,,,,,,,,,,,,,,0.0,2.592,10.05
00854,311.32887516,-1.32069338,STAR,,,,,,,,,,,,,,,,,,,0.0,3.01,-51.79235676988497
00855,311.51652878,-2.1461277675,STAR,,,,,,,,,,,,,,,,,,,0.0,3.481,7.19489183913424
00856,310.80014558,-1.2731924148,STAR,,,,,,,,,,,,,,,,,,,0.0,3.1935000000000002,-18.96727007390379
00857,310.96611882,-2.1389747338,STAR,,,,,,,,,,,,,,,,,,,0.0,3.1295,5.865512152481697
00858,311.42492363,-2.1211649806,STAR,,,,,,,,,,,,,,,,,,,0.0,2.995,-45.57275268676652
00859,310.91584108,-1.3776559631,STAR,,,,,,,,,,,,,,,,,,,0.0,2.9335,-22.98119147842727
00860,310.64363962,-1.3638312641,STAR,,,,,,,,,,,,,,,,,,,0.0,3.0945,15.420914464263909
00861,311.57407585,-1.3631898637,STAR,,,,,,,,,,,,,,,,,,,0.0,2.891,-11.918294623486815
00862,311.41742951,-2.0389802609,STAR,,,,,,,,,,,,,,,,,,,0.0,2.9975,-39.26268223334777
00863,310.78812971,-1.2521466926,STAR,,,,,,,,,,,,,,,,,,,0.0,3.532,-5.718102083389813
00864,311.28684552,-2.1250352172,STAR,,,,,,,,,,,,,,,,,,,0.0,2.9685,-31.658577183508285
00865,310.96310177,-2.1341082567,STAR,,,,,,,,,,,,,,,,,,,0.0,3.0215,-5.934582392150104
00866,311.48296227,-2.1334418854,STAR,,,,,,,,,,,,,,,,,,,0.0,3.295,-28.45407456574756
00867,310.98515517,-2.1449364753,STAR,,,,,,,,,,,,,,,,,,,0.0,3.0374999999999996,-16.057892064403475
00868,311.40627571,-2.1437935531,STAR,,,,,,,,,,,,,,,,,,,0.0,3.1805,-9.247386510804333
00869,311.16678711,-2.1416118332,STAR,,,,,,,,,,,,,,,,,,,0.0,3.0164999999999997,-1.7895474927574901
00870,311.54907462,-1.7487419447,STAR,,,,,,,,,,,,,,,,,,,0.0,2.9595000000000002,-26.461014212873767
00871,310.669877,-1.4500172838,STAR,,,,,,,,,,,,,,,,,,,0.0,3.0715,-25.017175348824576
00872,311.15617158,-1.7252035765,STAR,,,,,,,,,,,,,,,,,,,0.0,2.848,6.42074318148043
00873,311.52399006,-1.7346362581,STAR,,,,,,,,,,,,,,,,,,,0.0,2.9295,-32.8285481970334
00874,310.96459508,-1.424991468,STAR,,,,,,,,,,,,,,,,,,,0.0,2.8200000000000003,-24.80238514992891
00875,311.48321832,-1.8331610167,STAR,,,,,,,,,,,,,,,,,,,0.0,2.875,-29.290768821067257
00876,311.41293364,-1.827659814,STAR,,,,,,,,,,,,,,,,,,,0.0,2.8385,-31.760325187156983
00877,311.00511079,-1.769067103,STAR,,,,,,,,,,,,,,,,,,,0.0,2.7695,-7.644669962563891
00878,311.17730816,-1.7642992582,STAR,,,,,,,,,,,,,,,,,,,0.0,2.6784999999999997,-12.250087299124182
00879,310.96804887,-1.8835905714,STAR,,,,,,,,,,,,,,,,,,,0.0,2.8365,-12.88646999490428
00880,311.44202325,-1.8851186801,STAR,,,,,,,,,,,,,,,,,,,0.0,2.945,-31.50248089215133
00881,311.18396218,-1.889467851,STAR,,,,,,,,,,,,,,,,,,,0.0,2.795,0.9190412801390434
00882,311.04869792,-1.4362564186,STAR,,,,,,,,,,,,,,,,,,,0.0,2.92,-67.75576342865283
00883,311.29028739,-1.3061036248,STAR,,,,,,,,,,,,,,,,,,,0.0,3.4480000000000004,46.658433478757274
00884,311.02444374,-1.4259881636,STAR,,,,,,,,,,,,,,,,,,,0.0,2.755,-32.24280598567344
00885,311.35140312,-1.2926517658,STAR,,,,,,,,,,,,,,,,,,,0.0,2.963,-2.6034039401662543
00886,311.41258814,-1.2816396389,STAR,,,,,,,,,,,,,,,,,,,0.0,2.9165,-21.054076428452213
00887,311.16003856,-1.4045254139,STAR,,,,,,,,,,,,,,,,,,,0.0,2.8040000000000003,-19.684347600113966
00888,311.23082655,-1.4067319315,STAR,,,,,,,,,,,,,,,,,,,0.0,2.8155,-14.57493972815088
00889,311.12211103,-1.320416579,STAR,,,,,,,,,,,,,,,,,,,0.0,2.8665000000000003,-11.619275432423622
00890,311.0567337,-1.3701306491,STAR,,,,,,,,,,,,,,,,,,,0.0,2.7695,26.58072719918851
00891,311.156511565,-1.72014039582,STAR,,,,,,,,,,,,,,,,,,,0.0,10.588000000000001,40.523151901294305
00892,311.15564,-1.720341,EXP,,,,,,,,,,,,,,,,,,,0.2634117901325226,10.588000000000001,40.523151901294305
